mode: atomic
github.com/arkanus-app/rpg-dice-roller/go/budget.go:29.61,31.2 1 22100
github.com/arkanus-app/rpg-dice-roller/go/budget.go:33.62,33.81 1 1
github.com/arkanus-app/rpg-dice-roller/go/budget.go:34.62,34.83 1 33
github.com/arkanus-app/rpg-dice-roller/go/budget.go:35.62,35.98 1 15173
github.com/arkanus-app/rpg-dice-roller/go/budget.go:37.116,40.2 2 4400
github.com/arkanus-app/rpg-dice-roller/go/budget.go:42.65,44.38 2 2524
github.com/arkanus-app/rpg-dice-roller/go/budget.go:44.38,47.3 1 7
github.com/arkanus-app/rpg-dice-roller/go/budget.go:48.2,48.12 1 2517
github.com/arkanus-app/rpg-dice-roller/go/budget.go:51.61,52.41 1 12
github.com/arkanus-app/rpg-dice-roller/go/budget.go:52.41,54.3 1 3
github.com/arkanus-app/rpg-dice-roller/go/budget.go:55.2,55.34 1 9
github.com/arkanus-app/rpg-dice-roller/go/budget.go:55.34,58.3 1 2
github.com/arkanus-app/rpg-dice-roller/go/budget.go:59.2,59.136 1 7
github.com/arkanus-app/rpg-dice-roller/go/budget.go:62.59,64.2 1 19530
github.com/arkanus-app/rpg-dice-roller/go/budget.go:65.65,67.2 1 279921
github.com/arkanus-app/rpg-dice-roller/go/budget.go:68.67,70.2 1 126151
github.com/arkanus-app/rpg-dice-roller/go/budget.go:71.65,73.2 1 453626
github.com/arkanus-app/rpg-dice-roller/go/budget.go:74.60,76.2 1 1093904
github.com/arkanus-app/rpg-dice-roller/go/budget.go:77.67,79.2 1 162958
github.com/arkanus-app/rpg-dice-roller/go/budget.go:80.68,82.2 1 28646
github.com/arkanus-app/rpg-dice-roller/go/budget.go:83.65,85.2 1 1556735
github.com/arkanus-app/rpg-dice-roller/go/budget.go:87.45,88.41 1 3723168
github.com/arkanus-app/rpg-dice-roller/go/budget.go:88.41,90.3 1 26
github.com/arkanus-app/rpg-dice-roller/go/budget.go:91.2,91.12 1 3723142
github.com/arkanus-app/rpg-dice-roller/go/budget.go:94.66,95.52 1 1690
github.com/arkanus-app/rpg-dice-roller/go/budget.go:95.52,97.3 1 2
github.com/arkanus-app/rpg-dice-roller/go/budget.go:98.2,98.39 1 1688
github.com/arkanus-app/rpg-dice-roller/go/budget.go:98.39,101.3 1 8
github.com/arkanus-app/rpg-dice-roller/go/budget.go:102.2,102.12 1 1680
github.com/arkanus-app/rpg-dice-roller/go/budget.go:105.105,106.51 1 3721478
github.com/arkanus-app/rpg-dice-roller/go/budget.go:106.51,108.3 1 24
github.com/arkanus-app/rpg-dice-roller/go/budget.go:110.2,111.43 2 3721454
github.com/arkanus-app/rpg-dice-roller/go/budget.go:111.43,116.3 2 4383
github.com/arkanus-app/rpg-dice-roller/go/budget.go:117.2,118.12 2 3717071
github.com/arkanus-app/rpg-dice-roller/go/cache.go:27.100,29.2 1 50
github.com/arkanus-app/rpg-dice-roller/go/cache.go:31.55,33.9 2 1085
github.com/arkanus-app/rpg-dice-roller/go/cache.go:33.9,37.3 3 314
github.com/arkanus-app/rpg-dice-roller/go/cache.go:38.2,40.61 3 771
github.com/arkanus-app/rpg-dice-roller/go/cache.go:43.72,45.22 2 297
github.com/arkanus-app/rpg-dice-roller/go/cache.go:45.22,47.3 1 136
github.com/arkanus-app/rpg-dice-roller/go/cache.go:48.2,48.40 1 297
github.com/arkanus-app/rpg-dice-roller/go/cache.go:48.40,52.3 3 2
github.com/arkanus-app/rpg-dice-roller/go/cache.go:53.2,53.67 1 297
github.com/arkanus-app/rpg-dice-roller/go/cache.go:53.67,55.3 1 24
github.com/arkanus-app/rpg-dice-roller/go/cache.go:56.2,58.75 3 273
github.com/arkanus-app/rpg-dice-roller/go/cache.go:58.75,60.20 2 9
github.com/arkanus-app/rpg-dice-roller/go/cache.go:60.20,62.4 1 1
github.com/arkanus-app/rpg-dice-roller/go/cache.go:63.3,67.22 5 8
github.com/arkanus-app/rpg-dice-roller/go/cache.go:71.42,75.2 3 79
github.com/arkanus-app/rpg-dice-roller/go/cache.go:77.56,81.2 3 191
github.com/arkanus-app/rpg-dice-roller/go/compiler.go:11.90,14.12 3 244
github.com/arkanus-app/rpg-dice-roller/go/compiler.go:17.69,19.28 2 526
github.com/arkanus-app/rpg-dice-roller/go/compiler.go:19.28,20.27 1 525
github.com/arkanus-app/rpg-dice-roller/go/compiler.go:20.27,22.4 1 520
github.com/arkanus-app/rpg-dice-roller/go/compiler.go:23.3,25.16 3 5
github.com/arkanus-app/rpg-dice-roller/go/compiler.go:27.2,27.111 1 1
github.com/arkanus-app/rpg-dice-roller/go/compiler.go:30.48,31.38 1 6666
github.com/arkanus-app/rpg-dice-roller/go/compiler.go:31.38,32.38 1 366
github.com/arkanus-app/rpg-dice-roller/go/compiler.go:32.38,34.4 1 365
github.com/arkanus-app/rpg-dice-roller/go/compiler.go:34.9,36.4 1 1
github.com/arkanus-app/rpg-dice-roller/go/compiler.go:40.45,41.34 1 9463
github.com/arkanus-app/rpg-dice-roller/go/compiler.go:41.34,43.3 1 12
github.com/arkanus-app/rpg-dice-roller/go/compiler.go:44.2,44.21 1 9451
github.com/arkanus-app/rpg-dice-roller/go/compiler.go:47.50,48.29 1 9828
github.com/arkanus-app/rpg-dice-roller/go/compiler.go:48.29,50.3 1 1994
github.com/arkanus-app/rpg-dice-roller/go/compiler.go:51.2,51.33 1 7834
github.com/arkanus-app/rpg-dice-roller/go/compiler.go:51.33,53.3 1 8
github.com/arkanus-app/rpg-dice-roller/go/compiler.go:54.2,54.21 1 7826
github.com/arkanus-app/rpg-dice-roller/go/compiler.go:61.72,64.43 3 2150
github.com/arkanus-app/rpg-dice-roller/go/compiler.go:64.43,66.27 2 1777
github.com/arkanus-app/rpg-dice-roller/go/compiler.go:66.27,69.4 2 1763
github.com/arkanus-app/rpg-dice-roller/go/compiler.go:71.2,71.47 1 2150
github.com/arkanus-app/rpg-dice-roller/go/compiler.go:71.47,73.3 1 1342
github.com/arkanus-app/rpg-dice-roller/go/compiler.go:74.2,74.15 1 2150
github.com/arkanus-app/rpg-dice-roller/go/compiler.go:77.65,78.19 1 9759
github.com/arkanus-app/rpg-dice-roller/go/compiler.go:79.15,80.41 1 90
github.com/arkanus-app/rpg-dice-roller/go/compiler.go:81.16,82.50 1 1138
github.com/arkanus-app/rpg-dice-roller/go/compiler.go:83.23,84.44 1 184
github.com/arkanus-app/rpg-dice-roller/go/compiler.go:85.18,86.24 1 392
github.com/arkanus-app/rpg-dice-roller/go/compiler.go:87.14,88.34 1 2121
github.com/arkanus-app/rpg-dice-roller/go/compiler.go:88.34,90.4 1 2051
github.com/arkanus-app/rpg-dice-roller/go/compiler.go:91.3,91.42 1 70
github.com/arkanus-app/rpg-dice-roller/go/compiler.go:92.15,93.26 1 340
github.com/arkanus-app/rpg-dice-roller/go/compiler.go:95.2,95.12 1 5494
github.com/arkanus-app/rpg-dice-roller/go/compiler.go:98.69,105.23 4 1947
github.com/arkanus-app/rpg-dice-roller/go/compiler.go:105.23,108.22 3 16408
github.com/arkanus-app/rpg-dice-roller/go/compiler.go:108.22,110.12 2 8204
github.com/arkanus-app/rpg-dice-roller/go/compiler.go:112.3,114.43 3 8204
github.com/arkanus-app/rpg-dice-roller/go/compiler.go:114.43,116.4 1 6257
github.com/arkanus-app/rpg-dice-roller/go/compiler.go:118.2,118.15 1 1947
github.com/arkanus-app/rpg-dice-roller/go/compiler.go:121.75,127.23 3 1947
github.com/arkanus-app/rpg-dice-roller/go/compiler.go:127.23,132.61 5 11040
github.com/arkanus-app/rpg-dice-roller/go/compiler.go:132.61,134.4 1 9093
github.com/arkanus-app/rpg-dice-roller/go/compiler.go:136.2,136.8 1 1947
github.com/arkanus-app/rpg-dice-roller/go/compiler.go:139.109,140.50 1 5855
github.com/arkanus-app/rpg-dice-roller/go/compiler.go:140.50,140.100 2 1541
github.com/arkanus-app/rpg-dice-roller/go/compiler.go:141.2,143.19 3 5855
github.com/arkanus-app/rpg-dice-roller/go/compiler.go:144.16,145.26 1 4733
github.com/arkanus-app/rpg-dice-roller/go/compiler.go:146.15,147.18 1 162
github.com/arkanus-app/rpg-dice-roller/go/compiler.go:148.15,150.27 2 50
github.com/arkanus-app/rpg-dice-roller/go/compiler.go:150.27,152.4 1 40
github.com/arkanus-app/rpg-dice-roller/go/compiler.go:153.3,153.19 1 50
github.com/arkanus-app/rpg-dice-roller/go/compiler.go:154.23,155.31 1 136
github.com/arkanus-app/rpg-dice-roller/go/compiler.go:156.16,159.19 3 561
github.com/arkanus-app/rpg-dice-roller/go/compiler.go:159.19,161.4 1 416
github.com/arkanus-app/rpg-dice-roller/go/compiler.go:162.3,162.65 1 145
github.com/arkanus-app/rpg-dice-roller/go/compiler.go:163.18,165.10 2 213
github.com/arkanus-app/rpg-dice-roller/go/compiler.go:165.10,167.4 1 141
github.com/arkanus-app/rpg-dice-roller/go/compiler.go:168.3,168.35 1 72
github.com/arkanus-app/rpg-dice-roller/go/compiler.go:168.35,170.4 1 52
github.com/arkanus-app/rpg-dice-roller/go/compiler.go:170.9,172.11 2 20
github.com/arkanus-app/rpg-dice-roller/go/compiler.go:172.11,174.5 1 4
github.com/arkanus-app/rpg-dice-roller/go/compiler.go:175.4,175.72 1 16
github.com/arkanus-app/rpg-dice-roller/go/compiler.go:178.2,178.16 1 213
github.com/arkanus-app/rpg-dice-roller/go/compiler.go:178.16,181.3 2 8
github.com/arkanus-app/rpg-dice-roller/go/compiler.go:182.2,182.20 1 205
github.com/arkanus-app/rpg-dice-roller/go/compiler.go:185.112,187.9 2 4000
github.com/arkanus-app/rpg-dice-roller/go/compiler.go:187.9,189.3 1 4
github.com/arkanus-app/rpg-dice-roller/go/compiler.go:190.2,192.25 3 3996
github.com/arkanus-app/rpg-dice-roller/go/compiler.go:192.25,195.3 2 1949
github.com/arkanus-app/rpg-dice-roller/go/compiler.go:196.2,196.50 1 3996
github.com/arkanus-app/rpg-dice-roller/go/compiler.go:196.50,198.3 1 16
github.com/arkanus-app/rpg-dice-roller/go/compiler.go:199.2,199.21 1 3980
github.com/arkanus-app/rpg-dice-roller/go/compiler.go:203.47,206.29 3 3719
github.com/arkanus-app/rpg-dice-roller/go/compiler.go:206.29,207.30 1 14876
github.com/arkanus-app/rpg-dice-roller/go/compiler.go:207.30,211.4 3 307688
github.com/arkanus-app/rpg-dice-roller/go/compiler.go:212.3,212.18 1 14876
github.com/arkanus-app/rpg-dice-roller/go/compiler.go:214.2,214.28 1 3719
github.com/arkanus-app/rpg-dice-roller/go/compiler.go:217.85,218.27 1 2128
github.com/arkanus-app/rpg-dice-roller/go/compiler.go:218.27,220.3 1 6
github.com/arkanus-app/rpg-dice-roller/go/compiler.go:221.2,221.66 1 2122
github.com/arkanus-app/rpg-dice-roller/go/compiler.go:221.66,223.70 2 18
github.com/arkanus-app/rpg-dice-roller/go/compiler.go:223.70,225.4 1 2
github.com/arkanus-app/rpg-dice-roller/go/compiler.go:226.3,226.136 1 18
github.com/arkanus-app/rpg-dice-roller/go/compiler.go:228.2,228.49 1 2104
github.com/arkanus-app/rpg-dice-roller/go/compiler.go:228.49,230.3 1 3
github.com/arkanus-app/rpg-dice-roller/go/compiler.go:233.104,235.76 2 2130
github.com/arkanus-app/rpg-dice-roller/go/compiler.go:235.76,236.13 1 2
github.com/arkanus-app/rpg-dice-roller/go/compiler.go:238.2,240.59 3 2128
github.com/arkanus-app/rpg-dice-roller/go/compiler.go:245.116,248.21 3 2065
github.com/arkanus-app/rpg-dice-roller/go/compiler.go:248.21,249.18 1 118
github.com/arkanus-app/rpg-dice-roller/go/compiler.go:251.2,255.33 5 1947
github.com/arkanus-app/rpg-dice-roller/go/compiler.go:255.33,256.27 1 7920
github.com/arkanus-app/rpg-dice-roller/go/compiler.go:256.27,258.44 2 178
github.com/arkanus-app/rpg-dice-roller/go/compiler.go:258.44,259.86 1 184
github.com/arkanus-app/rpg-dice-roller/go/compiler.go:259.86,261.6 1 16
github.com/arkanus-app/rpg-dice-roller/go/compiler.go:263.4,263.75 1 162
github.com/arkanus-app/rpg-dice-roller/go/compiler.go:265.3,265.26 1 7904
github.com/arkanus-app/rpg-dice-roller/go/compiler.go:265.26,268.47 3 2049
github.com/arkanus-app/rpg-dice-roller/go/compiler.go:268.47,269.35 1 613
github.com/arkanus-app/rpg-dice-roller/go/compiler.go:270.49,271.17 1 411
github.com/arkanus-app/rpg-dice-roller/go/compiler.go:274.4,277.43 4 1878
github.com/arkanus-app/rpg-dice-roller/go/compiler.go:277.43,279.5 1 1831
github.com/arkanus-app/rpg-dice-roller/go/compiler.go:280.9,280.88 1 5855
github.com/arkanus-app/rpg-dice-roller/go/compiler.go:280.88,282.4 1 5090
github.com/arkanus-app/rpg-dice-roller/go/compiler.go:284.2,284.20 1 1752
github.com/arkanus-app/rpg-dice-roller/go/compiler_plan.go:5.124,6.34 1 2161
github.com/arkanus-app/rpg-dice-roller/go/compiler_plan.go:6.34,8.3 1 1
github.com/arkanus-app/rpg-dice-roller/go/compiler_plan.go:9.2,9.44 1 2160
github.com/arkanus-app/rpg-dice-roller/go/compiler_plan.go:9.44,11.3 1 1
github.com/arkanus-app/rpg-dice-roller/go/compiler_plan.go:12.2,12.43 1 2159
github.com/arkanus-app/rpg-dice-roller/go/compiler_plan.go:12.43,14.3 1 1
github.com/arkanus-app/rpg-dice-roller/go/compiler_plan.go:15.2,15.44 1 2158
github.com/arkanus-app/rpg-dice-roller/go/compiler_plan.go:15.44,17.3 1 3
github.com/arkanus-app/rpg-dice-roller/go/compiler_plan.go:18.2,18.79 1 2155
github.com/arkanus-app/rpg-dice-roller/go/compiler_plan.go:18.79,20.3 1 15
github.com/arkanus-app/rpg-dice-roller/go/compiler_plan.go:23.71,24.25 1 3431
github.com/arkanus-app/rpg-dice-roller/go/compiler_plan.go:24.25,26.3 1 1876
github.com/arkanus-app/rpg-dice-roller/go/compiler_plan.go:27.2,27.33 1 1555
github.com/arkanus-app/rpg-dice-roller/go/compiler_plan.go:30.57,31.19 1 3431
github.com/arkanus-app/rpg-dice-roller/go/compiler_plan.go:32.35,33.19 1 2217
github.com/arkanus-app/rpg-dice-roller/go/compiler_plan.go:35.2,35.21 1 1214
github.com/arkanus-app/rpg-dice-roller/go/compiler_plan.go:38.51,38.80 1 5090
github.com/arkanus-app/rpg-dice-roller/go/compiler_plan.go:40.86,44.23 4 1772
github.com/arkanus-app/rpg-dice-roller/go/compiler_plan.go:44.23,49.34 5 3431
github.com/arkanus-app/rpg-dice-roller/go/compiler_plan.go:49.34,51.4 1 1659
github.com/arkanus-app/rpg-dice-roller/go/compiler_plan.go:52.3,53.43 2 3431
github.com/arkanus-app/rpg-dice-roller/go/compiler_plan.go:53.43,55.4 1 1659
github.com/arkanus-app/rpg-dice-roller/go/compiler_plan.go:57.2,57.15 1 1772
github.com/arkanus-app/rpg-dice-roller/go/compiler_plan.go:60.82,61.23 1 1382
github.com/arkanus-app/rpg-dice-roller/go/compiler_plan.go:62.17,63.36 1 275
github.com/arkanus-app/rpg-dice-roller/go/compiler_plan.go:63.36,65.4 1 45
github.com/arkanus-app/rpg-dice-roller/go/compiler_plan.go:66.3,66.70 1 230
github.com/arkanus-app/rpg-dice-roller/go/compiler_plan.go:67.26,68.20 1 278
github.com/arkanus-app/rpg-dice-roller/go/compiler_plan.go:68.20,70.4 1 183
github.com/arkanus-app/rpg-dice-roller/go/compiler_plan.go:71.3,71.33 1 95
github.com/arkanus-app/rpg-dice-roller/go/compiler_plan.go:73.2,73.10 1 829
github.com/arkanus-app/rpg-dice-roller/go/compiler_plan.go:76.120,78.41 2 1772
github.com/arkanus-app/rpg-dice-roller/go/compiler_plan.go:78.41,80.43 2 1876
github.com/arkanus-app/rpg-dice-roller/go/compiler_plan.go:80.43,82.25 2 1382
github.com/arkanus-app/rpg-dice-roller/go/compiler_plan.go:83.19,87.27 4 275
github.com/arkanus-app/rpg-dice-roller/go/compiler_plan.go:87.27,89.6 1 203
github.com/arkanus-app/rpg-dice-roller/go/compiler_plan.go:90.18,91.75 1 164
github.com/arkanus-app/rpg-dice-roller/go/compiler_plan.go:92.18,93.85 1 114
github.com/arkanus-app/rpg-dice-roller/go/compiler_plan.go:96.3,98.79 3 1876
github.com/arkanus-app/rpg-dice-roller/go/compiler_plan.go:100.2,103.13 4 1772
github.com/arkanus-app/rpg-dice-roller/go/compiler_plan.go:108.128,111.20 3 2094
github.com/arkanus-app/rpg-dice-roller/go/compiler_plan.go:111.20,113.17 2 1926
github.com/arkanus-app/rpg-dice-roller/go/compiler_plan.go:113.17,115.4 1 306
github.com/arkanus-app/rpg-dice-roller/go/compiler_plan.go:117.2,122.40 6 1788
github.com/arkanus-app/rpg-dice-roller/go/compiler_plan.go:122.40,125.3 2 3431
github.com/arkanus-app/rpg-dice-roller/go/compiler_plan.go:126.2,128.18 3 1772
github.com/arkanus-app/rpg-dice-roller/go/compiler_plan.go:131.74,133.16 2 1954
github.com/arkanus-app/rpg-dice-roller/go/compiler_plan.go:133.16,135.3 1 28
github.com/arkanus-app/rpg-dice-roller/go/compiler_plan.go:136.2,136.44 1 1926
github.com/arkanus-app/rpg-dice-roller/go/compiler_plan.go:139.42,141.2 1 22445
github.com/arkanus-app/rpg-dice-roller/go/compiler_plan.go:145.67,146.27 1 22071
github.com/arkanus-app/rpg-dice-roller/go/compiler_plan.go:146.27,149.18 3 9
github.com/arkanus-app/rpg-dice-roller/go/compiler_plan.go:149.18,152.4 2 6
github.com/arkanus-app/rpg-dice-roller/go/compiler_plan.go:153.3,153.154 1 9
github.com/arkanus-app/rpg-dice-roller/go/compiler_plan.go:155.2,155.26 1 22062
github.com/arkanus-app/rpg-dice-roller/go/compiler_plan.go:160.59,161.48 1 1950
github.com/arkanus-app/rpg-dice-roller/go/compiler_plan.go:161.48,163.3 1 3
github.com/arkanus-app/rpg-dice-roller/go/compiler_plan.go:164.2,164.28 1 1947
github.com/arkanus-app/rpg-dice-roller/go/compiler_plan.go:164.28,166.3 1 1948
github.com/arkanus-app/rpg-dice-roller/go/compiler_plan.go:167.2,167.18 1 1947
github.com/arkanus-app/rpg-dice-roller/go/compiler_plan.go:172.58,174.16 2 4
github.com/arkanus-app/rpg-dice-roller/go/compiler_plan.go:174.16,176.3 1 3
github.com/arkanus-app/rpg-dice-roller/go/compiler_plan.go:177.2,177.25 1 1
github.com/arkanus-app/rpg-dice-roller/go/compiler_plan.go:180.72,182.16 2 378
github.com/arkanus-app/rpg-dice-roller/go/compiler_plan.go:182.16,184.3 1 3
github.com/arkanus-app/rpg-dice-roller/go/compiler_plan.go:185.2,187.80 3 375
github.com/arkanus-app/rpg-dice-roller/go/compiler_plan.go:187.80,189.3 1 1
github.com/arkanus-app/rpg-dice-roller/go/compiler_plan.go:190.2,190.38 1 374
github.com/arkanus-app/rpg-dice-roller/go/compiler_plan.go:190.38,192.3 1 1
github.com/arkanus-app/rpg-dice-roller/go/compiler_plan.go:193.2,194.12 2 373
github.com/arkanus-app/rpg-dice-roller/go/compiler_plan.go:198.82,200.16 2 468
github.com/arkanus-app/rpg-dice-roller/go/compiler_plan.go:200.16,202.3 1 315
github.com/arkanus-app/rpg-dice-roller/go/compiler_plan.go:203.2,204.260 2 153
github.com/arkanus-app/rpg-dice-roller/go/compiler_semantics.go:15.101,17.39 2 16
github.com/arkanus-app/rpg-dice-roller/go/compiler_semantics.go:17.39,19.3 1 12
github.com/arkanus-app/rpg-dice-roller/go/compiler_semantics.go:20.2,21.75 2 16
github.com/arkanus-app/rpg-dice-roller/go/compiler_semantics.go:24.95,29.42 5 2037
github.com/arkanus-app/rpg-dice-roller/go/compiler_semantics.go:29.42,30.24 1 1861
github.com/arkanus-app/rpg-dice-roller/go/compiler_semantics.go:31.26,33.32 2 140
github.com/arkanus-app/rpg-dice-roller/go/compiler_semantics.go:33.32,35.5 1 2
github.com/arkanus-app/rpg-dice-roller/go/compiler_semantics.go:36.4,37.35 2 138
github.com/arkanus-app/rpg-dice-roller/go/compiler_semantics.go:38.25,39.39 1 99
github.com/arkanus-app/rpg-dice-roller/go/compiler_semantics.go:39.39,41.5 1 71
github.com/arkanus-app/rpg-dice-roller/go/compiler_semantics.go:41.10,43.5 1 28
github.com/arkanus-app/rpg-dice-roller/go/compiler_semantics.go:44.4,44.35 1 99
github.com/arkanus-app/rpg-dice-roller/go/compiler_semantics.go:45.20,47.30 2 89
github.com/arkanus-app/rpg-dice-roller/go/compiler_semantics.go:47.30,50.5 2 75
github.com/arkanus-app/rpg-dice-roller/go/compiler_semantics.go:50.10,52.5 1 14
github.com/arkanus-app/rpg-dice-roller/go/compiler_semantics.go:53.11,54.57 1 1533
github.com/arkanus-app/rpg-dice-roller/go/compiler_semantics.go:57.2,60.34 4 2035
github.com/arkanus-app/rpg-dice-roller/go/compiler_semantics.go:60.34,62.3 1 2
github.com/arkanus-app/rpg-dice-roller/go/compiler_semantics.go:63.2,63.29 1 2033
github.com/arkanus-app/rpg-dice-roller/go/compiler_semantics.go:63.29,64.45 1 100
github.com/arkanus-app/rpg-dice-roller/go/compiler_semantics.go:64.45,65.58 1 12
github.com/arkanus-app/rpg-dice-roller/go/compiler_semantics.go:65.58,67.5 1 12
github.com/arkanus-app/rpg-dice-roller/go/compiler_semantics.go:69.3,70.29 2 88
github.com/arkanus-app/rpg-dice-roller/go/compiler_semantics.go:70.29,72.4 1 35
github.com/arkanus-app/rpg-dice-roller/go/compiler_semantics.go:73.3,73.187 1 88
github.com/arkanus-app/rpg-dice-roller/go/compiler_semantics.go:75.2,76.15 2 2021
github.com/arkanus-app/rpg-dice-roller/go/compiler_semantics.go:79.49,80.92 1 18
github.com/arkanus-app/rpg-dice-roller/go/compiler_semantics.go:80.92,82.3 1 14
github.com/arkanus-app/rpg-dice-roller/go/compiler_semantics.go:83.2,83.23 1 4
github.com/arkanus-app/rpg-dice-roller/go/compiler_semantics.go:86.97,88.40 2 18
github.com/arkanus-app/rpg-dice-roller/go/compiler_semantics.go:88.40,90.3 1 14
github.com/arkanus-app/rpg-dice-roller/go/compiler_semantics.go:91.2,92.69 2 18
github.com/arkanus-app/rpg-dice-roller/go/compiler_semantics.go:95.100,96.23 1 1943
github.com/arkanus-app/rpg-dice-roller/go/compiler_semantics.go:96.23,98.3 1 1880
github.com/arkanus-app/rpg-dice-roller/go/compiler_semantics.go:99.2,101.22 3 63
github.com/arkanus-app/rpg-dice-roller/go/compiler_semantics.go:101.22,102.31 1 37
github.com/arkanus-app/rpg-dice-roller/go/compiler_semantics.go:102.31,103.19 1 296
github.com/arkanus-app/rpg-dice-roller/go/compiler_semantics.go:103.19,105.5 1 184
github.com/arkanus-app/rpg-dice-roller/go/compiler_semantics.go:107.8,108.41 1 26
github.com/arkanus-app/rpg-dice-roller/go/compiler_semantics.go:108.41,109.24 1 208
github.com/arkanus-app/rpg-dice-roller/go/compiler_semantics.go:109.24,111.5 1 74
github.com/arkanus-app/rpg-dice-roller/go/compiler_semantics.go:114.2,115.58 2 63
github.com/arkanus-app/rpg-dice-roller/go/compiler_semantics.go:115.58,117.3 1 14
github.com/arkanus-app/rpg-dice-roller/go/compiler_semantics.go:118.2,118.44 1 49
github.com/arkanus-app/rpg-dice-roller/go/compiler_semantics.go:126.112,127.26 1 358
github.com/arkanus-app/rpg-dice-roller/go/compiler_semantics.go:128.11,129.56 1 61
github.com/arkanus-app/rpg-dice-roller/go/compiler_semantics.go:130.18,131.124 1 36
github.com/arkanus-app/rpg-dice-roller/go/compiler_semantics.go:132.11,133.33 1 112
github.com/arkanus-app/rpg-dice-roller/go/compiler_semantics.go:134.12,135.34 1 14
github.com/arkanus-app/rpg-dice-roller/go/compiler_semantics.go:136.11,137.33 1 16
github.com/arkanus-app/rpg-dice-roller/go/compiler_semantics.go:138.12,139.34 1 118
github.com/arkanus-app/rpg-dice-roller/go/compiler_semantics.go:141.2,141.14 1 1
github.com/arkanus-app/rpg-dice-roller/go/compiler_semantics.go:144.86,145.26 1 48
github.com/arkanus-app/rpg-dice-roller/go/compiler_semantics.go:146.11,147.133 1 12
github.com/arkanus-app/rpg-dice-roller/go/compiler_semantics.go:148.18,149.62 1 10
github.com/arkanus-app/rpg-dice-roller/go/compiler_semantics.go:150.11,151.35 1 4
github.com/arkanus-app/rpg-dice-roller/go/compiler_semantics.go:152.12,153.36 1 2
github.com/arkanus-app/rpg-dice-roller/go/compiler_semantics.go:154.11,155.35 1 4
github.com/arkanus-app/rpg-dice-roller/go/compiler_semantics.go:156.12,157.36 1 15
github.com/arkanus-app/rpg-dice-roller/go/compiler_semantics.go:159.2,159.14 1 1
github.com/arkanus-app/rpg-dice-roller/go/compiler_semantics.go:162.98,163.20 1 192
github.com/arkanus-app/rpg-dice-roller/go/compiler_semantics.go:163.20,165.3 1 145
github.com/arkanus-app/rpg-dice-roller/go/compiler_semantics.go:166.2,166.44 1 47
github.com/arkanus-app/rpg-dice-roller/go/compiler_semantics.go:169.103,170.20 1 702
github.com/arkanus-app/rpg-dice-roller/go/compiler_semantics.go:170.20,172.3 1 371
github.com/arkanus-app/rpg-dice-roller/go/compiler_semantics.go:173.2,173.84 1 331
github.com/arkanus-app/rpg-dice-roller/go/compiler_semantics.go:176.130,178.50 2 175
github.com/arkanus-app/rpg-dice-roller/go/compiler_semantics.go:178.50,180.3 1 14
github.com/arkanus-app/rpg-dice-roller/go/compiler_semantics.go:181.2,181.93 1 161
github.com/arkanus-app/rpg-dice-roller/go/compiler_semantics.go:184.96,185.20 1 2851882
github.com/arkanus-app/rpg-dice-roller/go/compiler_semantics.go:185.20,187.3 1 16976
github.com/arkanus-app/rpg-dice-roller/go/compiler_semantics.go:188.2,188.62 1 2834906
github.com/arkanus-app/rpg-dice-roller/go/compiler_semantics.go:198.46,198.103 1 2567
github.com/arkanus-app/rpg-dice-roller/go/compiler_semantics.go:199.47,200.23 1 4516626
github.com/arkanus-app/rpg-dice-roller/go/compiler_semantics.go:200.23,203.3 2 119662
github.com/arkanus-app/rpg-dice-roller/go/compiler_semantics.go:206.87,207.27 1 110
github.com/arkanus-app/rpg-dice-roller/go/compiler_semantics.go:207.27,209.3 1 4
github.com/arkanus-app/rpg-dice-roller/go/compiler_semantics.go:210.2,211.50 2 106
github.com/arkanus-app/rpg-dice-roller/go/compiler_semantics.go:211.50,213.3 1 14364
github.com/arkanus-app/rpg-dice-roller/go/compiler_semantics.go:214.2,214.15 1 106
github.com/arkanus-app/rpg-dice-roller/go/compiler_semantics.go:217.101,218.19 1 343
github.com/arkanus-app/rpg-dice-roller/go/compiler_semantics.go:218.19,220.3 1 277
github.com/arkanus-app/rpg-dice-roller/go/compiler_semantics.go:221.2,222.38 2 66
github.com/arkanus-app/rpg-dice-roller/go/compiler_semantics.go:222.38,224.3 1 9068
github.com/arkanus-app/rpg-dice-roller/go/compiler_semantics.go:225.2,225.15 1 66
github.com/arkanus-app/rpg-dice-roller/go/compiler_semantics.go:228.71,230.30 2 381
github.com/arkanus-app/rpg-dice-roller/go/compiler_semantics.go:230.30,231.20 1 661
github.com/arkanus-app/rpg-dice-roller/go/compiler_semantics.go:231.20,233.4 1 159
github.com/arkanus-app/rpg-dice-roller/go/compiler_semantics.go:234.3,234.39 1 502
github.com/arkanus-app/rpg-dice-roller/go/compiler_semantics.go:234.39,236.33 2 59332
github.com/arkanus-app/rpg-dice-roller/go/compiler_semantics.go:236.33,238.5 1 4
github.com/arkanus-app/rpg-dice-roller/go/compiler_semantics.go:241.2,241.15 1 218
github.com/arkanus-app/rpg-dice-roller/go/compiler_semantics.go:244.66,246.2 1 12
github.com/arkanus-app/rpg-dice-roller/go/compiler_semantics.go:247.110,248.38 1 190
github.com/arkanus-app/rpg-dice-roller/go/compiler_semantics.go:248.38,249.57 1 2452
github.com/arkanus-app/rpg-dice-roller/go/compiler_semantics.go:249.57,251.4 1 126
github.com/arkanus-app/rpg-dice-roller/go/compiler_semantics.go:253.2,253.14 1 64
github.com/arkanus-app/rpg-dice-roller/go/compiler_semantics.go:255.112,256.38 1 48
github.com/arkanus-app/rpg-dice-roller/go/compiler_semantics.go:256.38,257.58 1 1110
github.com/arkanus-app/rpg-dice-roller/go/compiler_semantics.go:257.58,259.4 1 16
github.com/arkanus-app/rpg-dice-roller/go/compiler_semantics.go:261.2,261.13 1 32
github.com/arkanus-app/rpg-dice-roller/go/compiler_semantics.go:264.154,265.31 1 104
github.com/arkanus-app/rpg-dice-roller/go/compiler_semantics.go:265.31,267.3 1 44
github.com/arkanus-app/rpg-dice-roller/go/compiler_semantics.go:268.2,269.36 2 60
github.com/arkanus-app/rpg-dice-roller/go/compiler_semantics.go:269.36,270.61 1 4332
github.com/arkanus-app/rpg-dice-roller/go/compiler_semantics.go:270.61,272.4 1 4238
github.com/arkanus-app/rpg-dice-roller/go/compiler_semantics.go:272.9,274.4 1 94
github.com/arkanus-app/rpg-dice-roller/go/compiler_semantics.go:276.2,276.57 1 60
github.com/arkanus-app/rpg-dice-roller/go/compiler_semantics.go:276.57,278.38 2 1728
github.com/arkanus-app/rpg-dice-roller/go/compiler_semantics.go:278.38,279.40 1 19134
github.com/arkanus-app/rpg-dice-roller/go/compiler_semantics.go:279.40,281.20 2 4429534
github.com/arkanus-app/rpg-dice-roller/go/compiler_semantics.go:281.20,283.6 1 4
github.com/arkanus-app/rpg-dice-roller/go/compiler_semantics.go:284.5,285.27 2 4429530
github.com/arkanus-app/rpg-dice-roller/go/compiler_semantics.go:285.27,287.6 1 12
github.com/arkanus-app/rpg-dice-roller/go/compiler_semantics.go:288.5,289.93 2 4429530
github.com/arkanus-app/rpg-dice-roller/go/compiler_semantics.go:289.93,291.6 1 1600556
github.com/arkanus-app/rpg-dice-roller/go/compiler_semantics.go:291.11,293.6 1 2828974
github.com/arkanus-app/rpg-dice-roller/go/compiler_semantics.go:294.5,294.53 1 4429530
github.com/arkanus-app/rpg-dice-roller/go/compiler_semantics.go:294.53,296.6 1 4
github.com/arkanus-app/rpg-dice-roller/go/compiler_semantics.go:299.3,300.31 2 1720
github.com/arkanus-app/rpg-dice-roller/go/compiler_semantics.go:300.31,301.9 1 52
github.com/arkanus-app/rpg-dice-roller/go/compiler_semantics.go:304.2,304.17 1 52
github.com/arkanus-app/rpg-dice-roller/go/compiler_semantics.go:307.155,311.33 4 2049
github.com/arkanus-app/rpg-dice-roller/go/compiler_semantics.go:311.33,314.18 3 1951
github.com/arkanus-app/rpg-dice-roller/go/compiler_semantics.go:314.18,316.4 1 1876
github.com/arkanus-app/rpg-dice-roller/go/compiler_semantics.go:317.3,318.30 2 1943
github.com/arkanus-app/rpg-dice-roller/go/compiler_semantics.go:318.30,320.4 1 7
github.com/arkanus-app/rpg-dice-roller/go/compiler_semantics.go:321.3,323.17 3 1922
github.com/arkanus-app/rpg-dice-roller/go/compiler_semantics.go:323.17,325.4 1 63
github.com/arkanus-app/rpg-dice-roller/go/compiler_semantics.go:326.3,327.37 2 1922
github.com/arkanus-app/rpg-dice-roller/go/compiler_semantics.go:328.8,329.33 1 70
github.com/arkanus-app/rpg-dice-roller/go/compiler_semantics.go:329.33,331.4 1 4
github.com/arkanus-app/rpg-dice-roller/go/compiler_semantics.go:332.3,332.36 1 66
github.com/arkanus-app/rpg-dice-roller/go/compiler_semantics.go:332.36,337.4 4 19
github.com/arkanus-app/rpg-dice-roller/go/compiler_semantics.go:337.9,342.4 4 47
github.com/arkanus-app/rpg-dice-roller/go/compiler_semantics.go:344.2,346.42 3 1988
github.com/arkanus-app/rpg-dice-roller/go/compiler_semantics.go:346.42,347.66 1 1222
github.com/arkanus-app/rpg-dice-roller/go/compiler_semantics.go:347.66,349.9 2 298
github.com/arkanus-app/rpg-dice-roller/go/compiler_semantics.go:352.2,353.19 2 1988
github.com/arkanus-app/rpg-dice-roller/go/compiler_semantics.go:353.19,354.43 1 298
github.com/arkanus-app/rpg-dice-roller/go/compiler_semantics.go:354.43,355.145 1 719
github.com/arkanus-app/rpg-dice-roller/go/compiler_semantics.go:355.145,357.5 1 110
github.com/arkanus-app/rpg-dice-roller/go/compiler_semantics.go:360.2,361.19 2 1988
github.com/arkanus-app/rpg-dice-roller/go/compiler_semantics.go:361.19,363.3 1 110
github.com/arkanus-app/rpg-dice-roller/go/compiler_semantics.go:364.2,367.22 4 1988
github.com/arkanus-app/rpg-dice-roller/go/compiler_semantics.go:367.22,369.3 1 106
github.com/arkanus-app/rpg-dice-roller/go/compiler_semantics.go:370.2,373.42 4 1988
github.com/arkanus-app/rpg-dice-roller/go/compiler_semantics.go:373.42,374.24 1 1595
github.com/arkanus-app/rpg-dice-roller/go/compiler_semantics.go:375.14,377.71 2 112
github.com/arkanus-app/rpg-dice-roller/go/compiler_semantics.go:377.71,377.109 1 7926
github.com/arkanus-app/rpg-dice-roller/go/compiler_semantics.go:378.4,378.78 1 112
github.com/arkanus-app/rpg-dice-roller/go/compiler_semantics.go:379.14,381.71 2 63
github.com/arkanus-app/rpg-dice-roller/go/compiler_semantics.go:381.71,381.109 1 36
github.com/arkanus-app/rpg-dice-roller/go/compiler_semantics.go:382.4,382.78 1 63
github.com/arkanus-app/rpg-dice-roller/go/compiler_semantics.go:383.18,385.37 2 359
github.com/arkanus-app/rpg-dice-roller/go/compiler_semantics.go:385.37,386.18 1 61
github.com/arkanus-app/rpg-dice-roller/go/compiler_semantics.go:386.18,388.6 1 14
github.com/arkanus-app/rpg-dice-roller/go/compiler_semantics.go:389.5,389.13 1 47
github.com/arkanus-app/rpg-dice-roller/go/compiler_semantics.go:391.4,393.25 3 298
github.com/arkanus-app/rpg-dice-roller/go/compiler_semantics.go:393.25,395.5 1 192
github.com/arkanus-app/rpg-dice-roller/go/compiler_semantics.go:395.10,397.5 1 106
github.com/arkanus-app/rpg-dice-roller/go/compiler_semantics.go:398.4,398.25 1 298
github.com/arkanus-app/rpg-dice-roller/go/compiler_semantics.go:398.25,399.17 1 112
github.com/arkanus-app/rpg-dice-roller/go/compiler_semantics.go:399.17,400.14 1 8
github.com/arkanus-app/rpg-dice-roller/go/compiler_semantics.go:402.5,404.26 3 104
github.com/arkanus-app/rpg-dice-roller/go/compiler_semantics.go:404.26,406.6 1 52
github.com/arkanus-app/rpg-dice-roller/go/compiler_semantics.go:407.5,408.32 2 104
github.com/arkanus-app/rpg-dice-roller/go/compiler_semantics.go:408.32,410.6 1 80
github.com/arkanus-app/rpg-dice-roller/go/compiler_semantics.go:410.11,412.6 1 24
github.com/arkanus-app/rpg-dice-roller/go/compiler_semantics.go:413.5,413.64 1 104
github.com/arkanus-app/rpg-dice-roller/go/compiler_semantics.go:413.64,415.6 1 42
github.com/arkanus-app/rpg-dice-roller/go/compiler_semantics.go:416.10,418.27 2 186
github.com/arkanus-app/rpg-dice-roller/go/compiler_semantics.go:418.27,420.6 1 23
github.com/arkanus-app/rpg-dice-roller/go/compiler_semantics.go:421.5,421.16 1 186
github.com/arkanus-app/rpg-dice-roller/go/compiler_semantics.go:421.16,422.73 1 168
github.com/arkanus-app/rpg-dice-roller/go/compiler_semantics.go:422.73,422.99 1 1106
github.com/arkanus-app/rpg-dice-roller/go/compiler_semantics.go:423.11,425.27 2 18
github.com/arkanus-app/rpg-dice-roller/go/compiler_semantics.go:425.27,427.7 1 8
github.com/arkanus-app/rpg-dice-roller/go/compiler_semantics.go:429.5,430.26 2 186
github.com/arkanus-app/rpg-dice-roller/go/compiler_semantics.go:430.26,432.6 1 148
github.com/arkanus-app/rpg-dice-roller/go/compiler_semantics.go:432.11,434.6 1 38
github.com/arkanus-app/rpg-dice-roller/go/compiler_semantics.go:435.5,435.19 1 186
github.com/arkanus-app/rpg-dice-roller/go/compiler_semantics.go:435.19,437.19 2 48
github.com/arkanus-app/rpg-dice-roller/go/compiler_semantics.go:437.19,439.7 1 40
github.com/arkanus-app/rpg-dice-roller/go/compiler_semantics.go:440.6,440.99 1 48
github.com/arkanus-app/rpg-dice-roller/go/compiler_semantics.go:443.17,447.109 4 195
github.com/arkanus-app/rpg-dice-roller/go/compiler_semantics.go:447.109,449.5 1 30
github.com/arkanus-app/rpg-dice-roller/go/compiler_semantics.go:450.4,450.70 1 165
github.com/arkanus-app/rpg-dice-roller/go/compiler_semantics.go:450.70,452.5 1 2
github.com/arkanus-app/rpg-dice-roller/go/compiler_semantics.go:453.4,453.41 1 163
github.com/arkanus-app/rpg-dice-roller/go/compiler_semantics.go:453.41,454.106 1 24
github.com/arkanus-app/rpg-dice-roller/go/compiler_semantics.go:454.106,456.6 1 10
github.com/arkanus-app/rpg-dice-roller/go/compiler_semantics.go:457.5,457.108 1 24
github.com/arkanus-app/rpg-dice-roller/go/compiler_semantics.go:457.108,459.6 1 2
github.com/arkanus-app/rpg-dice-roller/go/compiler_semantics.go:461.17,463.61 2 188
github.com/arkanus-app/rpg-dice-roller/go/compiler_semantics.go:463.61,464.68 1 66
github.com/arkanus-app/rpg-dice-roller/go/compiler_semantics.go:464.68,466.6 1 8
github.com/arkanus-app/rpg-dice-roller/go/compiler_semantics.go:467.5,471.68 5 58
github.com/arkanus-app/rpg-dice-roller/go/compiler_semantics.go:471.68,473.6 1 2
github.com/arkanus-app/rpg-dice-roller/go/compiler_semantics.go:474.5,474.165 1 56
github.com/arkanus-app/rpg-dice-roller/go/compiler_semantics.go:474.165,477.6 2 18
github.com/arkanus-app/rpg-dice-roller/go/compiler_semantics.go:477.11,477.179 1 38
github.com/arkanus-app/rpg-dice-roller/go/compiler_semantics.go:477.179,480.6 2 4
github.com/arkanus-app/rpg-dice-roller/go/compiler_semantics.go:480.11,480.171 1 34
github.com/arkanus-app/rpg-dice-roller/go/compiler_semantics.go:480.171,483.6 2 12
github.com/arkanus-app/rpg-dice-roller/go/compiler_semantics.go:484.10,484.216 1 122
github.com/arkanus-app/rpg-dice-roller/go/compiler_semantics.go:484.216,487.5 2 20
github.com/arkanus-app/rpg-dice-roller/go/compiler_semantics.go:488.4,488.51 1 178
github.com/arkanus-app/rpg-dice-roller/go/compiler_semantics.go:488.51,490.5 1 54
github.com/arkanus-app/rpg-dice-roller/go/compiler_semantics.go:493.2,493.13 1 1878
github.com/arkanus-app/rpg-dice-roller/go/context.go:28.92,30.22 2 19539
github.com/arkanus-app/rpg-dice-roller/go/context.go:30.22,32.3 1 19538
github.com/arkanus-app/rpg-dice-roller/go/context.go:33.2,34.34 2 19539
github.com/arkanus-app/rpg-dice-roller/go/context.go:34.34,36.3 1 19517
github.com/arkanus-app/rpg-dice-roller/go/context.go:36.8,36.33 1 22
github.com/arkanus-app/rpg-dice-roller/go/context.go:36.33,38.43 2 2
github.com/arkanus-app/rpg-dice-roller/go/context.go:38.43,40.4 1 1
github.com/arkanus-app/rpg-dice-roller/go/context.go:41.8,44.17 3 20
github.com/arkanus-app/rpg-dice-roller/go/context.go:44.17,46.4 1 1
github.com/arkanus-app/rpg-dice-roller/go/context.go:48.2,48.48 1 19537
github.com/arkanus-app/rpg-dice-roller/go/context.go:48.48,50.3 1 1
github.com/arkanus-app/rpg-dice-roller/go/context.go:51.2,51.58 1 19536
github.com/arkanus-app/rpg-dice-roller/go/context.go:51.58,53.3 1 1
github.com/arkanus-app/rpg-dice-roller/go/context.go:54.2,58.26 5 19535
github.com/arkanus-app/rpg-dice-roller/go/context.go:58.26,60.22 2 16610
github.com/arkanus-app/rpg-dice-roller/go/context.go:60.22,62.4 1 12460
github.com/arkanus-app/rpg-dice-roller/go/context.go:63.3,63.43 1 16610
github.com/arkanus-app/rpg-dice-roller/go/context.go:63.43,65.4 1 1
github.com/arkanus-app/rpg-dice-roller/go/context.go:66.3,66.25 1 16609
github.com/arkanus-app/rpg-dice-roller/go/context.go:66.25,68.4 1 16604
github.com/arkanus-app/rpg-dice-roller/go/context.go:68.9,68.71 1 5
github.com/arkanus-app/rpg-dice-roller/go/context.go:68.71,70.4 1 3
github.com/arkanus-app/rpg-dice-roller/go/context.go:70.9,72.4 1 2
github.com/arkanus-app/rpg-dice-roller/go/context.go:73.3,73.17 1 16609
github.com/arkanus-app/rpg-dice-roller/go/context.go:73.17,75.4 1 3
github.com/arkanus-app/rpg-dice-roller/go/context.go:76.3,76.141 1 16606
github.com/arkanus-app/rpg-dice-roller/go/context.go:77.8,79.35 2 2925
github.com/arkanus-app/rpg-dice-roller/go/context.go:79.35,81.4 1 2922
github.com/arkanus-app/rpg-dice-roller/go/context.go:81.9,83.4 1 3
github.com/arkanus-app/rpg-dice-roller/go/context.go:84.3,85.40 2 2925
github.com/arkanus-app/rpg-dice-roller/go/context.go:87.2,87.16 1 19531
github.com/arkanus-app/rpg-dice-roller/go/context.go:87.16,89.3 1 3
github.com/arkanus-app/rpg-dice-roller/go/context.go:90.2,90.115 1 19528
github.com/arkanus-app/rpg-dice-roller/go/context.go:95.187,97.84 2 19529
github.com/arkanus-app/rpg-dice-roller/go/context.go:97.84,99.3 1 570
github.com/arkanus-app/rpg-dice-roller/go/context.go:99.8,99.33 1 18959
github.com/arkanus-app/rpg-dice-roller/go/context.go:99.33,101.3 1 15565
github.com/arkanus-app/rpg-dice-roller/go/context.go:101.8,103.3 1 3394
github.com/arkanus-app/rpg-dice-roller/go/context.go:104.2,104.16 1 19529
github.com/arkanus-app/rpg-dice-roller/go/context.go:104.16,106.3 1 1
github.com/arkanus-app/rpg-dice-roller/go/context.go:107.2,108.26 2 19528
github.com/arkanus-app/rpg-dice-roller/go/context.go:108.26,110.3 1 19518
github.com/arkanus-app/rpg-dice-roller/go/context.go:111.2,112.21 2 19528
github.com/arkanus-app/rpg-dice-roller/go/engine.go:22.56,24.53 2 31
github.com/arkanus-app/rpg-dice-roller/go/engine.go:24.53,26.3 1 1
github.com/arkanus-app/rpg-dice-roller/go/engine.go:27.2,28.33 2 30
github.com/arkanus-app/rpg-dice-roller/go/engine.go:29.11,29.11 0 16
github.com/arkanus-app/rpg-dice-roller/go/engine.go:30.24,31.20 1 11
github.com/arkanus-app/rpg-dice-roller/go/engine.go:32.10,33.75 1 3
github.com/arkanus-app/rpg-dice-roller/go/engine.go:35.2,35.94 1 27
github.com/arkanus-app/rpg-dice-roller/go/engine.go:35.94,36.38 1 75
github.com/arkanus-app/rpg-dice-roller/go/engine.go:36.38,37.43 1 14
github.com/arkanus-app/rpg-dice-roller/go/engine.go:37.43,39.5 1 6
github.com/arkanus-app/rpg-dice-roller/go/engine.go:40.4,40.23 1 8
github.com/arkanus-app/rpg-dice-roller/go/engine.go:43.2,43.18 1 21
github.com/arkanus-app/rpg-dice-roller/go/engine.go:46.70,47.22 1 35
github.com/arkanus-app/rpg-dice-roller/go/engine.go:47.22,49.3 1 1
github.com/arkanus-app/rpg-dice-roller/go/engine.go:50.2,51.23 2 34
github.com/arkanus-app/rpg-dice-roller/go/engine.go:51.23,53.3 1 28
github.com/arkanus-app/rpg-dice-roller/go/engine.go:54.2,54.144 1 34
github.com/arkanus-app/rpg-dice-roller/go/engine.go:54.144,56.3 1 1
github.com/arkanus-app/rpg-dice-roller/go/engine.go:57.2,57.87 1 33
github.com/arkanus-app/rpg-dice-roller/go/engine.go:57.87,59.3 1 1
github.com/arkanus-app/rpg-dice-roller/go/engine.go:60.2,61.16 2 32
github.com/arkanus-app/rpg-dice-roller/go/engine.go:61.16,63.3 1 1
github.com/arkanus-app/rpg-dice-roller/go/engine.go:64.2,65.16 2 31
github.com/arkanus-app/rpg-dice-roller/go/engine.go:65.16,67.3 1 9
github.com/arkanus-app/rpg-dice-roller/go/engine.go:68.2,69.21 2 22
github.com/arkanus-app/rpg-dice-roller/go/engine.go:69.21,71.3 1 18
github.com/arkanus-app/rpg-dice-roller/go/engine.go:72.2,73.18 2 22
github.com/arkanus-app/rpg-dice-roller/go/engine.go:73.18,75.3 1 19
github.com/arkanus-app/rpg-dice-roller/go/engine.go:76.2,78.90 1 22
github.com/arkanus-app/rpg-dice-roller/go/engine.go:81.54,84.2 2 1
github.com/arkanus-app/rpg-dice-roller/go/engine.go:86.43,86.72 1 669
github.com/arkanus-app/rpg-dice-roller/go/engine.go:87.43,87.67 1 186
github.com/arkanus-app/rpg-dice-roller/go/engine.go:89.36,94.2 4 39
github.com/arkanus-app/rpg-dice-roller/go/engine.go:96.54,102.2 4 92
github.com/arkanus-app/rpg-dice-roller/go/engine.go:111.70,114.2 1 908
github.com/arkanus-app/rpg-dice-roller/go/engine.go:118.48,121.40 3 407
github.com/arkanus-app/rpg-dice-roller/go/engine.go:121.40,124.3 2 1654
github.com/arkanus-app/rpg-dice-roller/go/engine.go:125.2,127.15 3 407
github.com/arkanus-app/rpg-dice-roller/go/engine.go:130.91,131.22 1 415
github.com/arkanus-app/rpg-dice-roller/go/engine.go:131.22,133.3 1 1
github.com/arkanus-app/rpg-dice-roller/go/engine.go:134.2,135.23 2 414
github.com/arkanus-app/rpg-dice-roller/go/engine.go:135.23,137.3 1 184
github.com/arkanus-app/rpg-dice-roller/go/engine.go:138.2,139.16 2 414
github.com/arkanus-app/rpg-dice-roller/go/engine.go:139.16,141.3 1 2
github.com/arkanus-app/rpg-dice-roller/go/engine.go:142.2,143.16 2 412
github.com/arkanus-app/rpg-dice-roller/go/engine.go:143.16,145.3 1 5
github.com/arkanus-app/rpg-dice-roller/go/engine.go:146.2,146.35 1 407
github.com/arkanus-app/rpg-dice-roller/go/engine.go:149.87,152.53 1 1299
github.com/arkanus-app/rpg-dice-roller/go/engine.go:152.53,154.3 1 743
github.com/arkanus-app/rpg-dice-roller/go/engine.go:155.2,155.52 1 556
github.com/arkanus-app/rpg-dice-roller/go/engine.go:158.91,160.36 2 911
github.com/arkanus-app/rpg-dice-roller/go/engine.go:160.36,163.3 1 3
github.com/arkanus-app/rpg-dice-roller/go/engine.go:164.2,167.50 4 908
github.com/arkanus-app/rpg-dice-roller/go/engine.go:167.50,169.3 1 735
github.com/arkanus-app/rpg-dice-roller/go/engine.go:170.2,171.16 2 173
github.com/arkanus-app/rpg-dice-roller/go/engine.go:171.16,173.3 1 1
github.com/arkanus-app/rpg-dice-roller/go/engine.go:174.2,176.9 3 172
github.com/arkanus-app/rpg-dice-roller/go/engine.go:176.9,178.17 2 138
github.com/arkanus-app/rpg-dice-roller/go/engine.go:178.17,180.4 1 7
github.com/arkanus-app/rpg-dice-roller/go/engine.go:181.3,181.66 1 131
github.com/arkanus-app/rpg-dice-roller/go/engine.go:183.2,184.16 2 165
github.com/arkanus-app/rpg-dice-roller/go/engine.go:184.16,186.3 1 11
github.com/arkanus-app/rpg-dice-roller/go/engine.go:187.2,188.18 2 154
github.com/arkanus-app/rpg-dice-roller/go/engine.go:191.96,193.16 2 8
github.com/arkanus-app/rpg-dice-roller/go/engine.go:193.16,198.3 2 4
github.com/arkanus-app/rpg-dice-roller/go/engine.go:199.2,199.44 1 4
github.com/arkanus-app/rpg-dice-roller/go/engine.go:202.79,204.31 2 5
github.com/arkanus-app/rpg-dice-roller/go/engine.go:204.31,206.3 1 1
github.com/arkanus-app/rpg-dice-roller/go/engine.go:207.2,208.38 2 5
github.com/arkanus-app/rpg-dice-roller/go/engine.go:208.38,210.3 1 4
github.com/arkanus-app/rpg-dice-roller/go/engine.go:211.2,212.125 1 5
github.com/arkanus-app/rpg-dice-roller/go/engine.go:215.54,215.96 1 1
github.com/arkanus-app/rpg-dice-roller/go/engine.go:216.76,218.2 1 3
github.com/arkanus-app/rpg-dice-roller/go/engine.go:220.72,221.22 1 898
github.com/arkanus-app/rpg-dice-roller/go/engine.go:221.22,223.3 1 1
github.com/arkanus-app/rpg-dice-roller/go/engine.go:224.2,225.23 2 897
github.com/arkanus-app/rpg-dice-roller/go/engine.go:225.23,227.3 1 896
github.com/arkanus-app/rpg-dice-roller/go/engine.go:228.2,228.24 1 897
github.com/arkanus-app/rpg-dice-roller/go/engine.go:228.24,229.29 1 792
github.com/arkanus-app/rpg-dice-roller/go/engine.go:230.26,230.26 0 139
github.com/arkanus-app/rpg-dice-roller/go/engine.go:231.11,232.45 1 653
github.com/arkanus-app/rpg-dice-roller/go/engine.go:232.45,234.5 1 3
github.com/arkanus-app/rpg-dice-roller/go/engine.go:237.2,237.87 1 894
github.com/arkanus-app/rpg-dice-roller/go/engine.go:237.87,239.3 1 3
github.com/arkanus-app/rpg-dice-roller/go/engine.go:240.2,240.82 1 891
github.com/arkanus-app/rpg-dice-roller/go/engine.go:240.82,242.3 1 6
github.com/arkanus-app/rpg-dice-roller/go/engine.go:243.2,243.20 1 885
github.com/arkanus-app/rpg-dice-roller/go/engine.go:246.112,248.16 2 898
github.com/arkanus-app/rpg-dice-roller/go/engine.go:248.16,250.3 1 13
github.com/arkanus-app/rpg-dice-roller/go/engine.go:251.2,252.16 2 885
github.com/arkanus-app/rpg-dice-roller/go/engine.go:252.16,254.3 1 5
github.com/arkanus-app/rpg-dice-roller/go/engine.go:255.2,256.16 2 880
github.com/arkanus-app/rpg-dice-roller/go/engine.go:256.16,258.3 1 34
github.com/arkanus-app/rpg-dice-roller/go/engine.go:259.2,260.45 2 846
github.com/arkanus-app/rpg-dice-roller/go/engine.go:260.45,262.3 1 234
github.com/arkanus-app/rpg-dice-roller/go/engine.go:263.2,263.156 1 846
github.com/arkanus-app/rpg-dice-roller/go/engine.go:266.88,268.16 2 662
github.com/arkanus-app/rpg-dice-roller/go/engine.go:268.16,270.3 1 33
github.com/arkanus-app/rpg-dice-roller/go/engine.go:271.2,271.41 1 629
github.com/arkanus-app/rpg-dice-roller/go/engine.go:274.96,276.16 2 221
github.com/arkanus-app/rpg-dice-roller/go/engine.go:276.16,278.3 1 10
github.com/arkanus-app/rpg-dice-roller/go/engine.go:279.2,279.48 1 211
github.com/arkanus-app/rpg-dice-roller/go/engine.go:282.96,284.16 2 15
github.com/arkanus-app/rpg-dice-roller/go/engine.go:284.16,286.3 1 9
github.com/arkanus-app/rpg-dice-roller/go/engine.go:287.2,287.48 1 6
github.com/arkanus-app/rpg-dice-roller/go/engine.go:290.62,300.46 2 21
github.com/arkanus-app/rpg-dice-roller/go/engine.go:300.46,303.3 1 15
github.com/arkanus-app/rpg-dice-roller/go/engine.go:304.2,305.16 2 21
github.com/arkanus-app/rpg-dice-roller/go/engine.go:305.16,307.3 1 1
github.com/arkanus-app/rpg-dice-roller/go/engine.go:308.2,308.140 1 20
github.com/arkanus-app/rpg-dice-roller/go/engine.go:308.140,310.3 1 9
github.com/arkanus-app/rpg-dice-roller/go/engine.go:311.2,313.74 2 11
github.com/arkanus-app/rpg-dice-roller/go/engine.go:313.74,315.3 1 4
github.com/arkanus-app/rpg-dice-roller/go/engine.go:316.2,316.37 1 7
github.com/arkanus-app/rpg-dice-roller/go/engine.go:319.84,320.40 1 880
github.com/arkanus-app/rpg-dice-roller/go/engine.go:320.40,322.3 1 492
github.com/arkanus-app/rpg-dice-roller/go/engine.go:323.2,323.63 1 388
github.com/arkanus-app/rpg-dice-roller/go/engine.go:323.63,324.28 1 367
github.com/arkanus-app/rpg-dice-roller/go/engine.go:324.28,326.4 1 367
github.com/arkanus-app/rpg-dice-roller/go/engine.go:327.3,327.58 1 367
github.com/arkanus-app/rpg-dice-roller/go/engine.go:327.58,329.4 1 1
github.com/arkanus-app/rpg-dice-roller/go/engine.go:330.3,330.19 1 366
github.com/arkanus-app/rpg-dice-roller/go/engine.go:332.2,333.16 2 21
github.com/arkanus-app/rpg-dice-roller/go/engine.go:333.16,335.3 1 14
github.com/arkanus-app/rpg-dice-roller/go/engine.go:336.2,337.16 2 7
github.com/arkanus-app/rpg-dice-roller/go/engine.go:337.16,339.3 1 1
github.com/arkanus-app/rpg-dice-roller/go/engine.go:340.2,340.41 1 6
github.com/arkanus-app/rpg-dice-roller/go/engine.go:340.41,343.3 1 2
github.com/arkanus-app/rpg-dice-roller/go/engine.go:344.2,344.18 1 4
github.com/arkanus-app/rpg-dice-roller/go/engine.go:347.81,349.2 1 64
github.com/arkanus-app/rpg-dice-roller/go/engine.go:350.94,352.2 1 1
github.com/arkanus-app/rpg-dice-roller/go/engine.go:353.74,355.2 1 1
github.com/arkanus-app/rpg-dice-roller/go/engine.go:356.78,358.2 1 75
github.com/arkanus-app/rpg-dice-roller/go/engine.go:359.86,361.2 1 1
github.com/arkanus-app/rpg-dice-roller/go/engine.go:362.86,364.2 1 1
github.com/arkanus-app/rpg-dice-roller/go/error_utf16.go:16.80,17.41 1 21
github.com/arkanus-app/rpg-dice-roller/go/error_utf16.go:17.41,19.3 1 14
github.com/arkanus-app/rpg-dice-roller/go/error_utf16.go:20.2,20.87 1 7
github.com/arkanus-app/rpg-dice-roller/go/error_utf16.go:23.68,24.52 1 5288
github.com/arkanus-app/rpg-dice-roller/go/error_utf16.go:24.52,26.3 1 4
github.com/arkanus-app/rpg-dice-roller/go/error_utf16.go:27.2,27.14 1 5284
github.com/arkanus-app/rpg-dice-roller/go/error_utf16.go:33.62,34.46 1 38
github.com/arkanus-app/rpg-dice-roller/go/error_utf16.go:34.46,35.25 1 194
github.com/arkanus-app/rpg-dice-roller/go/error_utf16.go:35.25,36.12 1 167
github.com/arkanus-app/rpg-dice-roller/go/error_utf16.go:38.3,39.24 2 27
github.com/arkanus-app/rpg-dice-roller/go/error_utf16.go:39.24,40.12 1 5
github.com/arkanus-app/rpg-dice-roller/go/error_utf16.go:42.3,44.39 3 22
github.com/arkanus-app/rpg-dice-roller/go/error_utf16.go:44.39,46.4 1 4
github.com/arkanus-app/rpg-dice-roller/go/error_utf16.go:47.3,47.39 1 18
github.com/arkanus-app/rpg-dice-roller/go/error_utf16.go:47.39,48.74 1 17
github.com/arkanus-app/rpg-dice-roller/go/error_utf16.go:48.74,50.5 1 9
github.com/arkanus-app/rpg-dice-roller/go/error_utf16.go:51.4,52.38 2 8
github.com/arkanus-app/rpg-dice-roller/go/error_utf16.go:52.38,54.5 1 3
github.com/arkanus-app/rpg-dice-roller/go/error_utf16.go:55.4,55.14 1 5
github.com/arkanus-app/rpg-dice-roller/go/error_utf16.go:58.2,58.14 1 22
github.com/arkanus-app/rpg-dice-roller/go/error_utf16.go:64.68,65.33 1 24
github.com/arkanus-app/rpg-dice-roller/go/error_utf16.go:66.14,67.69 1 9
github.com/arkanus-app/rpg-dice-roller/go/error_utf16.go:67.69,69.4 1 5
github.com/arkanus-app/rpg-dice-roller/go/error_utf16.go:70.13,73.34 3 2
github.com/arkanus-app/rpg-dice-roller/go/error_utf16.go:73.34,75.4 1 10
github.com/arkanus-app/rpg-dice-roller/go/error_utf16.go:76.22,79.32 3 7
github.com/arkanus-app/rpg-dice-roller/go/error_utf16.go:79.32,81.4 1 8
github.com/arkanus-app/rpg-dice-roller/go/error_utf16.go:83.2,83.16 1 19
github.com/arkanus-app/rpg-dice-roller/go/errors.go:26.40,26.60 1 638
github.com/arkanus-app/rpg-dice-roller/go/errors.go:28.87,29.20 1 7274
github.com/arkanus-app/rpg-dice-roller/go/errors.go:29.20,31.3 1 167
github.com/arkanus-app/rpg-dice-roller/go/errors.go:32.2,32.85 1 7274
github.com/arkanus-app/rpg-dice-roller/go/errors.go:35.55,38.25 3 2644
github.com/arkanus-app/rpg-dice-roller/go/errors.go:38.25,40.3 1 1
github.com/arkanus-app/rpg-dice-roller/go/errors.go:41.2,47.68 1 2644
github.com/arkanus-app/rpg-dice-roller/go/errors.go:68.38,71.2 2 5
github.com/arkanus-app/rpg-dice-roller/go/errors.go:76.42,78.30 2 56
github.com/arkanus-app/rpg-dice-roller/go/errors.go:79.22,80.13 1 46
github.com/arkanus-app/rpg-dice-roller/go/errors.go:81.21,83.94 1 3
github.com/arkanus-app/rpg-dice-roller/go/errors.go:84.22,85.51 1 3
github.com/arkanus-app/rpg-dice-roller/go/errors.go:86.10,87.15 1 4
github.com/arkanus-app/rpg-dice-roller/go/errors.go:89.2,95.78 6 46
github.com/arkanus-app/rpg-dice-roller/go/errors.go:95.78,97.3 1 27
github.com/arkanus-app/rpg-dice-roller/go/errors.go:98.2,99.19 2 19
github.com/arkanus-app/rpg-dice-roller/go/errors.go:102.42,104.30 2 32
github.com/arkanus-app/rpg-dice-roller/go/errors.go:105.11,106.14 1 9
github.com/arkanus-app/rpg-dice-roller/go/errors.go:107.18,108.54 1 4
github.com/arkanus-app/rpg-dice-roller/go/errors.go:109.19,110.51 1 5
github.com/arkanus-app/rpg-dice-roller/go/errors.go:111.22,115.25 4 12
github.com/arkanus-app/rpg-dice-roller/go/errors.go:115.25,117.4 1 3
github.com/arkanus-app/rpg-dice-roller/go/errors.go:118.10,119.15 1 2
github.com/arkanus-app/rpg-dice-roller/go/errors.go:121.2,121.125 1 13
github.com/arkanus-app/rpg-dice-roller/go/errors.go:125.65,126.44 1 19
github.com/arkanus-app/rpg-dice-roller/go/errors.go:126.44,128.3 1 13
github.com/arkanus-app/rpg-dice-roller/go/errors.go:129.2,130.65 2 19
github.com/arkanus-app/rpg-dice-roller/go/errors.go:130.65,132.3 1 3
github.com/arkanus-app/rpg-dice-roller/go/errors.go:133.2,139.56 6 16
github.com/arkanus-app/rpg-dice-roller/go/errors.go:139.56,141.3 1 6
github.com/arkanus-app/rpg-dice-roller/go/errors.go:142.2,143.17 2 10
github.com/arkanus-app/rpg-dice-roller/go/errors.go:143.17,145.10 2 8
github.com/arkanus-app/rpg-dice-roller/go/errors.go:145.10,147.4 1 1
github.com/arkanus-app/rpg-dice-roller/go/errors.go:148.3,151.92 3 7
github.com/arkanus-app/rpg-dice-roller/go/errors.go:151.92,153.4 1 3
github.com/arkanus-app/rpg-dice-roller/go/errors.go:154.3,154.62 1 4
github.com/arkanus-app/rpg-dice-roller/go/errors.go:156.2,161.20 6 6
github.com/arkanus-app/rpg-dice-roller/go/event.go:44.69,45.26 1 10114
github.com/arkanus-app/rpg-dice-roller/go/event.go:45.26,47.3 1 6286
github.com/arkanus-app/rpg-dice-roller/go/event.go:48.2,48.22 1 3828
github.com/arkanus-app/rpg-dice-roller/go/event.go:53.53,54.25 1 34
github.com/arkanus-app/rpg-dice-roller/go/event.go:54.25,56.3 1 22
github.com/arkanus-app/rpg-dice-roller/go/event.go:57.2,59.28 3 12
github.com/arkanus-app/rpg-dice-roller/go/event.go:59.28,62.22 3 9
github.com/arkanus-app/rpg-dice-roller/go/event.go:62.22,64.4 1 1
github.com/arkanus-app/rpg-dice-roller/go/event.go:65.8,67.3 1 3
github.com/arkanus-app/rpg-dice-roller/go/event.go:68.2,68.20 1 12
github.com/arkanus-app/rpg-dice-roller/go/event.go:69.14,70.32 1 3
github.com/arkanus-app/rpg-dice-roller/go/event.go:71.29,72.31 1 3
github.com/arkanus-app/rpg-dice-roller/go/event.go:72.31,74.4 1 1
github.com/arkanus-app/rpg-dice-roller/go/event.go:74.9,76.4 1 2
github.com/arkanus-app/rpg-dice-roller/go/event.go:77.3,77.36 1 3
github.com/arkanus-app/rpg-dice-roller/go/event.go:78.17,79.108 1 1
github.com/arkanus-app/rpg-dice-roller/go/event.go:80.17,82.31 2 2
github.com/arkanus-app/rpg-dice-roller/go/event.go:82.31,84.4 1 1
github.com/arkanus-app/rpg-dice-roller/go/event.go:85.17,87.31 2 2
github.com/arkanus-app/rpg-dice-roller/go/event.go:87.31,89.4 1 1
github.com/arkanus-app/rpg-dice-roller/go/event.go:90.18,91.38 1 1
github.com/arkanus-app/rpg-dice-roller/go/event.go:93.2,94.15 2 12
github.com/arkanus-app/rpg-dice-roller/go/event.go:99.58,101.2 1 333
github.com/arkanus-app/rpg-dice-roller/go/event.go:103.68,104.25 1 10114
github.com/arkanus-app/rpg-dice-roller/go/event.go:104.25,107.3 2 12
github.com/arkanus-app/rpg-dice-roller/go/event.go:108.2,114.28 7 10102
github.com/arkanus-app/rpg-dice-roller/go/event.go:114.28,116.23 2 7665
github.com/arkanus-app/rpg-dice-roller/go/event.go:116.23,119.4 2 7423
github.com/arkanus-app/rpg-dice-roller/go/event.go:119.9,121.4 1 242
github.com/arkanus-app/rpg-dice-roller/go/event.go:122.8,124.3 1 2437
github.com/arkanus-app/rpg-dice-roller/go/event.go:125.2,127.20 3 10102
github.com/arkanus-app/rpg-dice-roller/go/event.go:128.14,129.38 1 3560
github.com/arkanus-app/rpg-dice-roller/go/event.go:130.29,131.31 1 207
github.com/arkanus-app/rpg-dice-roller/go/event.go:131.31,134.4 2 15
github.com/arkanus-app/rpg-dice-roller/go/event.go:134.9,137.4 2 192
github.com/arkanus-app/rpg-dice-roller/go/event.go:138.3,138.40 1 207
github.com/arkanus-app/rpg-dice-roller/go/event.go:139.17,142.40 3 96
github.com/arkanus-app/rpg-dice-roller/go/event.go:143.17,144.31 1 4805
github.com/arkanus-app/rpg-dice-roller/go/event.go:144.31,146.4 1 2080
github.com/arkanus-app/rpg-dice-roller/go/event.go:147.3,147.52 1 4805
github.com/arkanus-app/rpg-dice-roller/go/event.go:148.17,150.31 2 1156
github.com/arkanus-app/rpg-dice-roller/go/event.go:150.31,152.4 1 342
github.com/arkanus-app/rpg-dice-roller/go/event.go:153.18,154.42 1 278
github.com/arkanus-app/rpg-dice-roller/go/event.go:156.2,156.23 1 10102
github.com/arkanus-app/rpg-dice-roller/go/event.go:156.23,158.3 1 4
github.com/arkanus-app/rpg-dice-roller/go/event.go:159.2,159.38 1 10098
github.com/arkanus-app/rpg-dice-roller/go/event.go:168.42,169.39 1 81400
github.com/arkanus-app/rpg-dice-roller/go/event.go:169.39,171.3 1 71298
github.com/arkanus-app/rpg-dice-roller/go/event.go:172.2,174.45 3 81400
github.com/arkanus-app/rpg-dice-roller/go/event.go:176.50,179.2 2 42483
github.com/arkanus-app/rpg-dice-roller/go/event.go:180.59,183.2 2 20204
github.com/arkanus-app/rpg-dice-roller/go/event.go:184.60,185.23 1 11267
github.com/arkanus-app/rpg-dice-roller/go/event.go:185.23,187.3 1 3
github.com/arkanus-app/rpg-dice-roller/go/event.go:188.2,188.47 1 11264
github.com/arkanus-app/rpg-dice-roller/go/event.go:188.47,191.3 2 4
github.com/arkanus-app/rpg-dice-roller/go/event.go:192.2,196.101 2 11260
github.com/arkanus-app/rpg-dice-roller/go/event.go:196.101,198.32 2 11254
github.com/arkanus-app/rpg-dice-roller/go/event.go:198.32,201.4 2 11170
github.com/arkanus-app/rpg-dice-roller/go/event.go:203.2,205.60 3 90
github.com/arkanus-app/rpg-dice-roller/go/event.go:205.60,207.3 1 6
github.com/arkanus-app/rpg-dice-roller/go/event.go:208.2,211.115 3 90
github.com/arkanus-app/rpg-dice-roller/go/event.go:211.115,214.3 2 2
github.com/arkanus-app/rpg-dice-roller/go/event.go:216.63,218.19 2 30
github.com/arkanus-app/rpg-dice-roller/go/event.go:218.19,221.3 2 2
github.com/arkanus-app/rpg-dice-roller/go/event.go:222.2,223.35 2 28
github.com/arkanus-app/rpg-dice-roller/go/event.go:223.35,224.16 1 60
github.com/arkanus-app/rpg-dice-roller/go/event.go:224.16,226.4 1 34
github.com/arkanus-app/rpg-dice-roller/go/event.go:227.3,227.54 1 60
github.com/arkanus-app/rpg-dice-roller/go/event.go:229.2,229.40 1 28
github.com/arkanus-app/rpg-dice-roller/go/event.go:231.60,232.32 1 42552
github.com/arkanus-app/rpg-dice-roller/go/event.go:232.32,234.145 2 346187
github.com/arkanus-app/rpg-dice-roller/go/event.go:234.145,237.4 2 7
github.com/arkanus-app/rpg-dice-roller/go/event.go:239.2,241.28 3 42545
github.com/arkanus-app/rpg-dice-roller/go/event_collection.go:8.60,9.19 1 768
github.com/arkanus-app/rpg-dice-roller/go/event_collection.go:9.19,11.3 1 4
github.com/arkanus-app/rpg-dice-roller/go/event_collection.go:12.2,14.28 3 764
github.com/arkanus-app/rpg-dice-roller/go/event_collection.go:14.28,15.16 1 9781
github.com/arkanus-app/rpg-dice-roller/go/event_collection.go:15.16,17.4 1 9021
github.com/arkanus-app/rpg-dice-roller/go/event_collection.go:18.3,20.17 3 9781
github.com/arkanus-app/rpg-dice-roller/go/event_collection.go:20.17,22.4 1 2
github.com/arkanus-app/rpg-dice-roller/go/event_collection.go:24.2,24.33 1 762
github.com/arkanus-app/rpg-dice-roller/go/event_decode.go:7.62,25.52 2 421
github.com/arkanus-app/rpg-dice-roller/go/event_decode.go:25.52,27.3 1 1
github.com/arkanus-app/rpg-dice-roller/go/event_decode.go:28.2,29.29 2 420
github.com/arkanus-app/rpg-dice-roller/go/event_decode.go:29.29,31.3 1 1
github.com/arkanus-app/rpg-dice-roller/go/event_decode.go:32.2,32.161 1 420
github.com/arkanus-app/rpg-dice-roller/go/event_decode.go:32.161,34.25 2 127
github.com/arkanus-app/rpg-dice-roller/go/event_decode.go:34.25,36.31 2 5
github.com/arkanus-app/rpg-dice-roller/go/event_decode.go:36.31,38.5 1 2
github.com/arkanus-app/rpg-dice-roller/go/event_decode.go:39.4,39.60 1 5
github.com/arkanus-app/rpg-dice-roller/go/event_decode.go:39.60,41.5 1 2
github.com/arkanus-app/rpg-dice-roller/go/event_decode.go:43.3,43.23 1 125
github.com/arkanus-app/rpg-dice-roller/go/event_decode.go:43.23,45.31 2 5
github.com/arkanus-app/rpg-dice-roller/go/event_decode.go:45.31,47.5 1 2
github.com/arkanus-app/rpg-dice-roller/go/event_decode.go:48.4,48.58 1 5
github.com/arkanus-app/rpg-dice-roller/go/event_decode.go:48.58,50.5 1 2
github.com/arkanus-app/rpg-dice-roller/go/event_decode.go:52.3,52.29 1 123
github.com/arkanus-app/rpg-dice-roller/go/event_decode.go:54.2,55.12 2 416
github.com/arkanus-app/rpg-dice-roller/go/execution_ids.go:15.75,16.22 1 210868
github.com/arkanus-app/rpg-dice-roller/go/execution_ids.go:16.22,18.22 1 126703
github.com/arkanus-app/rpg-dice-roller/go/execution_ids.go:18.22,20.4 1 126568
github.com/arkanus-app/rpg-dice-roller/go/execution_ids.go:21.3,23.86 3 135
github.com/arkanus-app/rpg-dice-roller/go/execution_ids.go:25.2,29.36 5 84300
github.com/arkanus-app/rpg-dice-roller/go/execution_rng_cache.go:23.103,24.83 1 1155
github.com/arkanus-app/rpg-dice-roller/go/execution_rng_cache.go:24.83,26.3 1 240
github.com/arkanus-app/rpg-dice-roller/go/execution_rng_cache.go:27.2,33.13 6 915
github.com/arkanus-app/rpg-dice-roller/go/execution_rng_cache.go:33.13,38.3 2 238
github.com/arkanus-app/rpg-dice-roller/go/execution_rng_cache.go:39.2,39.15 1 915
github.com/arkanus-app/rpg-dice-roller/go/executor.go:51.31,52.16 1 3292840
github.com/arkanus-app/rpg-dice-roller/go/executor.go:52.16,53.13 1 4367
github.com/arkanus-app/rpg-dice-roller/go/executor.go:56.49,56.85 2 1070904
github.com/arkanus-app/rpg-dice-roller/go/executor.go:57.52,58.42 1 19519
github.com/arkanus-app/rpg-dice-roller/go/executor.go:58.42,59.45 1 4372
github.com/arkanus-app/rpg-dice-roller/go/executor.go:59.45,60.18 1 1
github.com/arkanus-app/rpg-dice-roller/go/executor.go:62.3,62.46 1 4371
github.com/arkanus-app/rpg-dice-roller/go/executor.go:62.46,65.4 2 4370
github.com/arkanus-app/rpg-dice-roller/go/executor.go:65.9,66.18 1 1
github.com/arkanus-app/rpg-dice-roller/go/executor.go:70.68,72.2 1 31389
github.com/arkanus-app/rpg-dice-roller/go/executor.go:73.70,76.2 2 15726
github.com/arkanus-app/rpg-dice-roller/go/executor.go:77.52,78.41 1 246579
github.com/arkanus-app/rpg-dice-roller/go/executor.go:78.41,80.3 1 243524
github.com/arkanus-app/rpg-dice-roller/go/executor.go:82.43,84.32 2 148543
github.com/arkanus-app/rpg-dice-roller/go/executor.go:84.32,86.3 1 30500
github.com/arkanus-app/rpg-dice-roller/go/executor.go:88.67,90.2 1 216095
github.com/arkanus-app/rpg-dice-roller/go/executor.go:91.104,92.23 1 441784
github.com/arkanus-app/rpg-dice-roller/go/executor.go:93.18,94.84 1 436006
github.com/arkanus-app/rpg-dice-roller/go/executor.go:95.20,96.64 1 402
github.com/arkanus-app/rpg-dice-roller/go/executor.go:97.10,98.24 1 5376
github.com/arkanus-app/rpg-dice-roller/go/executor.go:98.24,100.4 1 2692
github.com/arkanus-app/rpg-dice-roller/go/executor.go:101.3,102.17 2 2684
github.com/arkanus-app/rpg-dice-roller/go/executor.go:102.17,104.4 1 458
github.com/arkanus-app/rpg-dice-roller/go/executor.go:105.3,105.17 1 2226
github.com/arkanus-app/rpg-dice-roller/go/executor.go:105.17,107.4 1 402
github.com/arkanus-app/rpg-dice-roller/go/executor.go:108.3,108.11 1 1824
github.com/arkanus-app/rpg-dice-roller/go/executor.go:115.88,117.19 1 30877
github.com/arkanus-app/rpg-dice-roller/go/executor.go:117.19,119.3 1 1368
github.com/arkanus-app/rpg-dice-roller/go/executor.go:120.2,123.41 2 29509
github.com/arkanus-app/rpg-dice-roller/go/executor.go:126.147,127.15 1 199018
github.com/arkanus-app/rpg-dice-roller/go/executor.go:127.15,129.3 1 61954
github.com/arkanus-app/rpg-dice-roller/go/executor.go:129.8,131.3 1 137064
github.com/arkanus-app/rpg-dice-roller/go/executor.go:132.2,137.15 6 198809
github.com/arkanus-app/rpg-dice-roller/go/executor.go:137.15,139.3 1 61785
github.com/arkanus-app/rpg-dice-roller/go/executor.go:139.8,140.48 1 136578
github.com/arkanus-app/rpg-dice-roller/go/executor.go:140.48,149.4 3 15191
github.com/arkanus-app/rpg-dice-roller/go/executor.go:150.3,152.22 3 136578
github.com/arkanus-app/rpg-dice-roller/go/executor.go:154.2,157.39 3 198363
github.com/arkanus-app/rpg-dice-roller/go/executor.go:157.39,159.3 1 5110
github.com/arkanus-app/rpg-dice-roller/go/executor.go:159.8,161.3 1 193253
github.com/arkanus-app/rpg-dice-roller/go/executor.go:162.2,162.12 1 197889
github.com/arkanus-app/rpg-dice-roller/go/executor.go:164.110,165.40 1 254213
github.com/arkanus-app/rpg-dice-roller/go/executor.go:165.40,168.3 2 242851
github.com/arkanus-app/rpg-dice-roller/go/executor.go:169.2,169.22 1 11362
github.com/arkanus-app/rpg-dice-roller/go/executor.go:169.22,172.3 2 3345
github.com/arkanus-app/rpg-dice-roller/go/executor.go:173.2,175.28 3 11362
github.com/arkanus-app/rpg-dice-roller/go/executor.go:175.28,178.3 2 1511
github.com/arkanus-app/rpg-dice-roller/go/executor.go:179.2,181.60 3 11362
github.com/arkanus-app/rpg-dice-roller/go/executor.go:183.116,184.40 1 15490
github.com/arkanus-app/rpg-dice-roller/go/executor.go:184.40,187.3 2 12821
github.com/arkanus-app/rpg-dice-roller/go/executor.go:188.2,190.22 3 2669
github.com/arkanus-app/rpg-dice-roller/go/executor.go:190.22,192.3 1 370
github.com/arkanus-app/rpg-dice-roller/go/executor.go:193.2,196.60 4 2669
github.com/arkanus-app/rpg-dice-roller/go/executor.go:198.87,199.27 1 4790
github.com/arkanus-app/rpg-dice-roller/go/executor.go:199.27,200.85 1 28547
github.com/arkanus-app/rpg-dice-roller/go/executor.go:200.85,201.12 1 20914
github.com/arkanus-app/rpg-dice-roller/go/executor.go:203.3,206.14 4 7633
github.com/arkanus-app/rpg-dice-roller/go/executor.go:206.14,208.4 1 4541
github.com/arkanus-app/rpg-dice-roller/go/executor.go:209.3,211.128 3 7633
github.com/arkanus-app/rpg-dice-roller/go/executor.go:214.58,216.27 2 25308
github.com/arkanus-app/rpg-dice-roller/go/executor.go:216.27,217.17 1 296301
github.com/arkanus-app/rpg-dice-roller/go/executor.go:217.17,219.4 1 288394
github.com/arkanus-app/rpg-dice-roller/go/executor.go:221.2,221.15 1 25308
github.com/arkanus-app/rpg-dice-roller/go/executor.go:223.131,224.48 1 6718
github.com/arkanus-app/rpg-dice-roller/go/executor.go:224.48,229.7 5 81664
github.com/arkanus-app/rpg-dice-roller/go/executor.go:229.7,230.82 1 143224
github.com/arkanus-app/rpg-dice-roller/go/executor.go:230.82,231.10 1 47483
github.com/arkanus-app/rpg-dice-roller/go/executor.go:233.4,234.31 2 95741
github.com/arkanus-app/rpg-dice-roller/go/executor.go:234.31,236.5 1 1842
github.com/arkanus-app/rpg-dice-roller/go/executor.go:237.4,237.16 1 95741
github.com/arkanus-app/rpg-dice-roller/go/executor.go:237.16,238.10 1 33729
github.com/arkanus-app/rpg-dice-roller/go/executor.go:240.4,242.26 3 62012
github.com/arkanus-app/rpg-dice-roller/go/executor.go:242.26,244.5 1 3439
github.com/arkanus-app/rpg-dice-roller/go/executor.go:245.4,248.26 4 61954
github.com/arkanus-app/rpg-dice-roller/go/executor.go:248.26,254.5 5 3404
github.com/arkanus-app/rpg-dice-roller/go/executor.go:255.4,258.26 4 61665
github.com/arkanus-app/rpg-dice-roller/go/executor.go:258.26,260.5 1 3389
github.com/arkanus-app/rpg-dice-roller/go/executor.go:260.10,260.32 1 58276
github.com/arkanus-app/rpg-dice-roller/go/executor.go:260.32,262.5 1 240
github.com/arkanus-app/rpg-dice-roller/go/executor.go:263.4,265.20 3 61665
github.com/arkanus-app/rpg-dice-roller/go/executor.go:267.3,267.42 1 81212
github.com/arkanus-app/rpg-dice-roller/go/executor.go:267.42,270.30 3 2981
github.com/arkanus-app/rpg-dice-roller/go/executor.go:270.30,272.5 1 6342
github.com/arkanus-app/rpg-dice-roller/go/executor.go:273.4,277.36 5 2981
github.com/arkanus-app/rpg-dice-roller/go/executor.go:277.36,282.5 4 3345
github.com/arkanus-app/rpg-dice-roller/go/executor.go:286.129,287.27 1 4199
github.com/arkanus-app/rpg-dice-roller/go/executor.go:287.27,288.18 1 34710
github.com/arkanus-app/rpg-dice-roller/go/executor.go:288.18,289.12 1 2765
github.com/arkanus-app/rpg-dice-roller/go/executor.go:291.3,291.7 1 31945
github.com/arkanus-app/rpg-dice-roller/go/executor.go:291.7,293.31 2 32222
github.com/arkanus-app/rpg-dice-roller/go/executor.go:293.31,295.5 1 29228
github.com/arkanus-app/rpg-dice-roller/go/executor.go:296.4,296.16 1 32222
github.com/arkanus-app/rpg-dice-roller/go/executor.go:296.16,297.10 1 22757
github.com/arkanus-app/rpg-dice-roller/go/executor.go:299.4,305.21 7 9465
github.com/arkanus-app/rpg-dice-roller/go/executor.go:305.21,307.5 1 9136
github.com/arkanus-app/rpg-dice-roller/go/executor.go:308.4,309.21 2 9413
github.com/arkanus-app/rpg-dice-roller/go/executor.go:309.21,310.10 1 9088
github.com/arkanus-app/rpg-dice-roller/go/executor.go:315.129,317.46 2 4232
github.com/arkanus-app/rpg-dice-roller/go/executor.go:317.46,318.7 1 24923
github.com/arkanus-app/rpg-dice-roller/go/executor.go:318.7,319.100 1 30611
github.com/arkanus-app/rpg-dice-roller/go/executor.go:319.100,320.10 1 23511
github.com/arkanus-app/rpg-dice-roller/go/executor.go:322.4,328.21 7 7100
github.com/arkanus-app/rpg-dice-roller/go/executor.go:328.21,330.5 1 1344
github.com/arkanus-app/rpg-dice-roller/go/executor.go:331.4,332.21 2 7069
github.com/arkanus-app/rpg-dice-roller/go/executor.go:332.21,333.10 1 1344
github.com/arkanus-app/rpg-dice-roller/go/executor.go:336.3,336.25 1 24855
github.com/arkanus-app/rpg-dice-roller/go/executor.go:339.97,341.24 2 14618
github.com/arkanus-app/rpg-dice-roller/go/executor.go:341.24,343.3 1 181402
github.com/arkanus-app/rpg-dice-roller/go/executor.go:344.2,344.58 1 14618
github.com/arkanus-app/rpg-dice-roller/go/executor.go:344.58,345.35 1 284681
github.com/arkanus-app/rpg-dice-roller/go/executor.go:345.35,347.4 1 109149
github.com/arkanus-app/rpg-dice-roller/go/executor.go:348.3,348.35 1 175532
github.com/arkanus-app/rpg-dice-roller/go/executor.go:348.35,350.4 1 17884
github.com/arkanus-app/rpg-dice-roller/go/executor.go:351.3,351.22 1 157648
github.com/arkanus-app/rpg-dice-roller/go/executor.go:353.2,355.27 3 14618
github.com/arkanus-app/rpg-dice-roller/go/executor.go:355.27,357.3 1 8542
github.com/arkanus-app/rpg-dice-roller/go/executor.go:358.2,358.49 1 14618
github.com/arkanus-app/rpg-dice-roller/go/executor.go:358.49,360.3 1 14386
github.com/arkanus-app/rpg-dice-roller/go/executor.go:361.2,361.26 1 232
github.com/arkanus-app/rpg-dice-roller/go/executor.go:363.86,366.29 3 14358
github.com/arkanus-app/rpg-dice-roller/go/executor.go:366.29,368.3 1 180858
github.com/arkanus-app/rpg-dice-roller/go/executor.go:369.2,369.111 1 14358
github.com/arkanus-app/rpg-dice-roller/go/executor.go:369.111,371.20 2 120053
github.com/arkanus-app/rpg-dice-roller/go/executor.go:371.20,372.12 1 5894
github.com/arkanus-app/rpg-dice-roller/go/executor.go:374.3,377.106 4 114159
github.com/arkanus-app/rpg-dice-roller/go/executor.go:380.83,381.27 1 4115
github.com/arkanus-app/rpg-dice-roller/go/executor.go:381.27,382.18 1 34760
github.com/arkanus-app/rpg-dice-roller/go/executor.go:382.18,383.12 1 2663
github.com/arkanus-app/rpg-dice-roller/go/executor.go:385.3,387.51 3 32097
github.com/arkanus-app/rpg-dice-roller/go/executor.go:387.51,389.20 2 12984
github.com/arkanus-app/rpg-dice-roller/go/executor.go:389.20,391.5 1 11637
github.com/arkanus-app/rpg-dice-roller/go/executor.go:392.9,392.85 1 19113
github.com/arkanus-app/rpg-dice-roller/go/executor.go:392.85,394.20 2 2337
github.com/arkanus-app/rpg-dice-roller/go/executor.go:394.20,396.5 1 1604
github.com/arkanus-app/rpg-dice-roller/go/executor.go:398.3,399.102 2 32097
github.com/arkanus-app/rpg-dice-roller/go/executor.go:402.109,404.41 2 3969
github.com/arkanus-app/rpg-dice-roller/go/executor.go:404.41,406.3 1 1990
github.com/arkanus-app/rpg-dice-roller/go/executor.go:407.2,407.27 1 3969
github.com/arkanus-app/rpg-dice-roller/go/executor.go:407.27,409.30 2 34427
github.com/arkanus-app/rpg-dice-roller/go/executor.go:409.30,411.4 1 6600
github.com/arkanus-app/rpg-dice-roller/go/executor.go:412.3,412.28 1 34427
github.com/arkanus-app/rpg-dice-roller/go/executor.go:412.28,415.4 2 3891
github.com/arkanus-app/rpg-dice-roller/go/executor.go:418.158,420.37 2 14808
github.com/arkanus-app/rpg-dice-roller/go/executor.go:420.37,421.24 1 44362
github.com/arkanus-app/rpg-dice-roller/go/executor.go:422.21,423.71 1 4790
github.com/arkanus-app/rpg-dice-roller/go/executor.go:424.18,425.54 1 6718
github.com/arkanus-app/rpg-dice-roller/go/executor.go:426.17,427.54 1 4199
github.com/arkanus-app/rpg-dice-roller/go/executor.go:428.17,429.54 1 4232
github.com/arkanus-app/rpg-dice-roller/go/executor.go:430.23,431.45 1 14358
github.com/arkanus-app/rpg-dice-roller/go/executor.go:432.17,433.42 1 4115
github.com/arkanus-app/rpg-dice-roller/go/executor.go:434.47,435.50 1 3969
github.com/arkanus-app/rpg-dice-roller/go/executor.go:436.15,438.67 2 1981
github.com/arkanus-app/rpg-dice-roller/go/executor.go:438.67,438.134 1 52953
github.com/arkanus-app/rpg-dice-roller/go/executor.go:441.2,441.25 1 13818
github.com/arkanus-app/rpg-dice-roller/go/executor.go:441.25,443.3 1 11837
github.com/arkanus-app/rpg-dice-roller/go/executor.go:444.2,444.21 1 1981
github.com/arkanus-app/rpg-dice-roller/go/executor.go:446.68,447.30 1 53024
github.com/arkanus-app/rpg-dice-roller/go/executor.go:447.30,449.3 1 9769
github.com/arkanus-app/rpg-dice-roller/go/executor.go:450.2,450.18 1 53024
github.com/arkanus-app/rpg-dice-roller/go/executor.go:450.18,452.3 1 41641
github.com/arkanus-app/rpg-dice-roller/go/executor.go:453.2,453.18 1 11383
github.com/arkanus-app/rpg-dice-roller/go/executor.go:453.18,455.3 1 3783
github.com/arkanus-app/rpg-dice-roller/go/executor.go:456.2,456.10 1 7600
github.com/arkanus-app/rpg-dice-roller/go/executor.go:459.111,461.61 2 15726
github.com/arkanus-app/rpg-dice-roller/go/executor.go:461.61,463.3 1 1516
github.com/arkanus-app/rpg-dice-roller/go/executor.go:464.2,469.17 6 15726
github.com/arkanus-app/rpg-dice-roller/go/executor.go:471.71,475.12 4 4
github.com/arkanus-app/rpg-dice-roller/go/executor.go:477.81,479.17 2 15665
github.com/arkanus-app/rpg-dice-roller/go/executor.go:479.17,481.3 1 2
github.com/arkanus-app/rpg-dice-roller/go/executor.go:482.2,485.56 4 15663
github.com/arkanus-app/rpg-dice-roller/go/executor.go:485.56,487.3 1 137064
github.com/arkanus-app/rpg-dice-roller/go/executor.go:488.2,490.27 3 14808
github.com/arkanus-app/rpg-dice-roller/go/executor.go:490.27,492.3 1 188443
github.com/arkanus-app/rpg-dice-roller/go/executor.go:493.2,495.30 3 13818
github.com/arkanus-app/rpg-dice-roller/go/executor.go:495.30,497.3 1 188443
github.com/arkanus-app/rpg-dice-roller/go/executor.go:498.2,500.24 3 13818
github.com/arkanus-app/rpg-dice-roller/go/executor.go:500.24,506.31 4 1188
github.com/arkanus-app/rpg-dice-roller/go/executor.go:506.31,507.13 1 4967
github.com/arkanus-app/rpg-dice-roller/go/executor.go:507.13,509.5 1 3779
github.com/arkanus-app/rpg-dice-roller/go/executor.go:510.4,510.55 1 4967
github.com/arkanus-app/rpg-dice-roller/go/executor.go:512.3,513.29 2 1188
github.com/arkanus-app/rpg-dice-roller/go/executor.go:515.2,515.152 1 13770
github.com/arkanus-app/rpg-dice-roller/go/executor.go:517.79,519.37 2 425
github.com/arkanus-app/rpg-dice-roller/go/executor.go:519.37,521.3 1 2
github.com/arkanus-app/rpg-dice-roller/go/executor.go:522.2,526.41 5 423
github.com/arkanus-app/rpg-dice-roller/go/executor.go:526.41,527.44 1 808
github.com/arkanus-app/rpg-dice-roller/go/executor.go:527.44,529.4 1 156
github.com/arkanus-app/rpg-dice-roller/go/executor.go:532.81,536.69 4 266
github.com/arkanus-app/rpg-dice-roller/go/executor.go:536.69,538.20 2 650
github.com/arkanus-app/rpg-dice-roller/go/executor.go:538.20,539.12 1 111
github.com/arkanus-app/rpg-dice-roller/go/executor.go:541.3,544.99 4 539
github.com/arkanus-app/rpg-dice-roller/go/executor.go:547.111,549.37 2 287
github.com/arkanus-app/rpg-dice-roller/go/executor.go:549.37,550.24 1 302
github.com/arkanus-app/rpg-dice-roller/go/executor.go:551.23,553.31 2 260
github.com/arkanus-app/rpg-dice-roller/go/executor.go:553.31,555.5 1 544
github.com/arkanus-app/rpg-dice-roller/go/executor.go:556.4,556.113 1 260
github.com/arkanus-app/rpg-dice-roller/go/executor.go:556.113,557.30 1 278
github.com/arkanus-app/rpg-dice-roller/go/executor.go:557.30,559.6 1 266
github.com/arkanus-app/rpg-dice-roller/go/executor.go:561.15,563.66 2 41
github.com/arkanus-app/rpg-dice-roller/go/executor.go:563.66,563.133 1 71
github.com/arkanus-app/rpg-dice-roller/go/executor.go:564.11,568.14 4 1
github.com/arkanus-app/rpg-dice-roller/go/executor.go:571.2,571.21 1 286
github.com/arkanus-app/rpg-dice-roller/go/executor.go:573.82,576.46 3 288
github.com/arkanus-app/rpg-dice-roller/go/executor.go:576.46,579.3 2 588
github.com/arkanus-app/rpg-dice-roller/go/executor.go:580.2,581.9 2 288
github.com/arkanus-app/rpg-dice-roller/go/executor.go:581.9,583.3 1 1
github.com/arkanus-app/rpg-dice-roller/go/executor.go:584.2,587.29 4 287
github.com/arkanus-app/rpg-dice-roller/go/executor.go:587.29,588.20 1 584
github.com/arkanus-app/rpg-dice-roller/go/executor.go:588.20,590.4 1 318
github.com/arkanus-app/rpg-dice-roller/go/executor.go:591.3,591.43 1 584
github.com/arkanus-app/rpg-dice-roller/go/executor.go:593.2,595.31 3 286
github.com/arkanus-app/rpg-dice-roller/go/executor.go:595.31,597.3 1 584
github.com/arkanus-app/rpg-dice-roller/go/executor.go:598.2,599.37 2 286
github.com/arkanus-app/rpg-dice-roller/go/executor.go:599.37,600.30 1 301
github.com/arkanus-app/rpg-dice-roller/go/executor.go:600.30,602.9 2 41
github.com/arkanus-app/rpg-dice-roller/go/executor.go:605.2,606.25 2 286
github.com/arkanus-app/rpg-dice-roller/go/executor.go:606.25,608.3 1 41
github.com/arkanus-app/rpg-dice-roller/go/executor.go:609.2,610.25 2 286
github.com/arkanus-app/rpg-dice-roller/go/executor.go:610.25,612.3 1 41
github.com/arkanus-app/rpg-dice-roller/go/executor.go:613.2,614.24 2 286
github.com/arkanus-app/rpg-dice-roller/go/executor.go:614.24,616.32 2 223
github.com/arkanus-app/rpg-dice-roller/go/executor.go:616.32,618.4 1 450
github.com/arkanus-app/rpg-dice-roller/go/executor.go:619.3,619.52 1 223
github.com/arkanus-app/rpg-dice-roller/go/executor.go:621.2,621.152 1 286
github.com/arkanus-app/rpg-dice-roller/go/executor.go:623.81,624.25 1 17583
github.com/arkanus-app/rpg-dice-roller/go/executor.go:624.25,626.3 1 15665
github.com/arkanus-app/rpg-dice-roller/go/executor.go:627.2,627.26 1 1918
github.com/arkanus-app/rpg-dice-roller/go/executor.go:627.26,629.3 1 288
github.com/arkanus-app/rpg-dice-roller/go/executor.go:630.2,632.19 3 1630
github.com/arkanus-app/rpg-dice-roller/go/executor.go:633.16,635.25 2 676
github.com/arkanus-app/rpg-dice-roller/go/executor.go:635.25,637.4 1 552
github.com/arkanus-app/rpg-dice-roller/go/executor.go:638.15,641.27 3 16
github.com/arkanus-app/rpg-dice-roller/go/executor.go:641.27,643.4 1 12
github.com/arkanus-app/rpg-dice-roller/go/executor.go:644.3,646.25 3 16
github.com/arkanus-app/rpg-dice-roller/go/executor.go:646.25,648.4 1 8
github.com/arkanus-app/rpg-dice-roller/go/executor.go:649.23,653.25 4 28
github.com/arkanus-app/rpg-dice-roller/go/executor.go:653.25,655.4 1 18
github.com/arkanus-app/rpg-dice-roller/go/executor.go:656.16,660.23 4 800
github.com/arkanus-app/rpg-dice-roller/go/executor.go:660.23,662.4 1 4
github.com/arkanus-app/rpg-dice-roller/go/executor.go:663.3,666.25 4 800
github.com/arkanus-app/rpg-dice-roller/go/executor.go:666.25,668.4 1 603
github.com/arkanus-app/rpg-dice-roller/go/executor.go:669.18,673.35 4 110
github.com/arkanus-app/rpg-dice-roller/go/executor.go:673.35,675.26 2 72
github.com/arkanus-app/rpg-dice-roller/go/executor.go:675.26,677.5 1 46
github.com/arkanus-app/rpg-dice-roller/go/executor.go:678.9,683.26 5 38
github.com/arkanus-app/rpg-dice-roller/go/executor.go:683.26,685.5 1 32
github.com/arkanus-app/rpg-dice-roller/go/executor.go:688.2,689.15 2 1622
github.com/arkanus-app/rpg-dice-roller/go/executor.go:692.76,694.17 2 13297
github.com/arkanus-app/rpg-dice-roller/go/executor.go:694.17,696.3 1 1296
github.com/arkanus-app/rpg-dice-roller/go/executor.go:697.2,697.37 1 13297
github.com/arkanus-app/rpg-dice-roller/go/executor.go:697.37,698.33 1 187550
github.com/arkanus-app/rpg-dice-roller/go/executor.go:698.33,699.41 1 71024
github.com/arkanus-app/rpg-dice-roller/go/executor.go:699.41,701.5 1 2907
github.com/arkanus-app/rpg-dice-roller/go/executor.go:701.10,703.5 1 68117
github.com/arkanus-app/rpg-dice-roller/go/executor.go:705.3,705.18 1 187341
github.com/arkanus-app/rpg-dice-roller/go/executor.go:705.18,711.4 5 8252
github.com/arkanus-app/rpg-dice-roller/go/executor.go:713.2,713.17 1 13088
github.com/arkanus-app/rpg-dice-roller/go/executor.go:715.80,717.17 2 13088
github.com/arkanus-app/rpg-dice-roller/go/executor.go:717.17,719.3 1 859
github.com/arkanus-app/rpg-dice-roller/go/executor.go:720.2,720.41 1 13088
github.com/arkanus-app/rpg-dice-roller/go/executor.go:720.41,721.21 1 15446
github.com/arkanus-app/rpg-dice-roller/go/executor.go:721.21,723.4 1 15026
github.com/arkanus-app/rpg-dice-roller/go/executor.go:724.3,724.18 1 15393
github.com/arkanus-app/rpg-dice-roller/go/executor.go:724.18,728.4 3 2648
github.com/arkanus-app/rpg-dice-roller/go/executor.go:730.2,730.17 1 13035
github.com/arkanus-app/rpg-dice-roller/go/executor.go:732.56,735.27 3 13035
github.com/arkanus-app/rpg-dice-roller/go/executor.go:735.27,738.74 3 186373
github.com/arkanus-app/rpg-dice-roller/go/executor.go:738.74,740.4 1 30904
github.com/arkanus-app/rpg-dice-roller/go/executor.go:741.3,741.33 1 186373
github.com/arkanus-app/rpg-dice-roller/go/executor.go:741.33,742.15 1 70310
github.com/arkanus-app/rpg-dice-roller/go/executor.go:742.15,744.5 1 11066
github.com/arkanus-app/rpg-dice-roller/go/executor.go:744.10,744.22 1 59244
github.com/arkanus-app/rpg-dice-roller/go/executor.go:744.22,746.5 1 1600
github.com/arkanus-app/rpg-dice-roller/go/executor.go:749.2,749.15 1 13035
github.com/arkanus-app/rpg-dice-roller/go/executor.go:749.15,751.3 1 9157
github.com/arkanus-app/rpg-dice-roller/go/executor.go:752.2,752.99 1 3878
github.com/arkanus-app/rpg-dice-roller/go/executor.go:754.69,756.29 2 15148
github.com/arkanus-app/rpg-dice-roller/go/executor.go:756.29,757.23 1 23781
github.com/arkanus-app/rpg-dice-roller/go/executor.go:757.23,758.19 1 7601
github.com/arkanus-app/rpg-dice-roller/go/executor.go:758.19,760.5 1 4211
github.com/arkanus-app/rpg-dice-roller/go/executor.go:761.4,763.54 3 7601
github.com/arkanus-app/rpg-dice-roller/go/executor.go:766.2,766.13 1 15148
github.com/arkanus-app/rpg-dice-roller/go/executor.go:768.49,769.16 1 5859
github.com/arkanus-app/rpg-dice-roller/go/executor.go:769.16,771.3 1 74
github.com/arkanus-app/rpg-dice-roller/go/executor.go:772.2,772.109 1 5785
github.com/arkanus-app/rpg-dice-roller/go/executor.go:772.109,774.3 1 5762
github.com/arkanus-app/rpg-dice-roller/go/executor.go:775.2,775.32 1 23
github.com/arkanus-app/rpg-dice-roller/go/executor.go:777.95,778.23 1 826
github.com/arkanus-app/rpg-dice-roller/go/executor.go:778.23,781.3 2 792
github.com/arkanus-app/rpg-dice-roller/go/executor.go:782.2,784.33 3 34
github.com/arkanus-app/rpg-dice-roller/go/executor.go:784.33,786.3 1 89
github.com/arkanus-app/rpg-dice-roller/go/executor.go:787.2,789.33 3 34
github.com/arkanus-app/rpg-dice-roller/go/executor.go:789.33,791.3 1 74
github.com/arkanus-app/rpg-dice-roller/go/executor.go:792.2,792.48 1 31
github.com/arkanus-app/rpg-dice-roller/go/executor.go:794.112,796.27 2 19517
github.com/arkanus-app/rpg-dice-roller/go/executor.go:796.27,798.3 1 2919
github.com/arkanus-app/rpg-dice-roller/go/executor.go:798.8,801.3 2 16598
github.com/arkanus-app/rpg-dice-roller/go/executor.go:802.2,802.62 1 19517
github.com/arkanus-app/rpg-dice-roller/go/executor.go:805.170,810.10 5 10175
github.com/arkanus-app/rpg-dice-roller/go/executor.go:810.10,816.3 2 878
github.com/arkanus-app/rpg-dice-roller/go/executor.go:817.2,822.70 6 10158
github.com/arkanus-app/rpg-dice-roller/go/executor.go:822.70,832.22 10 15225
github.com/arkanus-app/rpg-dice-roller/go/executor.go:832.22,833.22 1 1276
github.com/arkanus-app/rpg-dice-roller/go/executor.go:833.22,835.5 1 1230
github.com/arkanus-app/rpg-dice-roller/go/executor.go:835.10,837.5 1 46
github.com/arkanus-app/rpg-dice-roller/go/executor.go:839.3,840.11 2 13035
github.com/arkanus-app/rpg-dice-roller/go/executor.go:840.11,841.24 1 858
github.com/arkanus-app/rpg-dice-roller/go/executor.go:841.24,843.5 1 823
github.com/arkanus-app/rpg-dice-roller/go/executor.go:843.10,845.5 1 35
github.com/arkanus-app/rpg-dice-roller/go/executor.go:846.4,849.327 4 858
github.com/arkanus-app/rpg-dice-roller/go/executor.go:852.2,853.33 2 7966
github.com/arkanus-app/rpg-dice-roller/go/executor.go:853.33,855.3 1 12174
github.com/arkanus-app/rpg-dice-roller/go/executor.go:856.2,859.23 4 7966
github.com/arkanus-app/rpg-dice-roller/go/executor.go:859.23,861.3 1 402
github.com/arkanus-app/rpg-dice-roller/go/executor.go:862.2,862.23 1 7564
github.com/arkanus-app/rpg-dice-roller/go/executor.go:862.23,864.3 1 6744
github.com/arkanus-app/rpg-dice-roller/go/executor.go:865.2,865.391 1 820
github.com/arkanus-app/rpg-dice-roller/go/executor.go:868.106,874.2 5 879
github.com/arkanus-app/rpg-dice-roller/go/executor.go:875.114,881.2 5 448
github.com/arkanus-app/rpg-dice-roller/go/executor.go:882.114,886.33 4 243
github.com/arkanus-app/rpg-dice-roller/go/executor.go:886.33,888.3 1 163
github.com/arkanus-app/rpg-dice-roller/go/executor.go:889.2,889.39 1 80
github.com/arkanus-app/rpg-dice-roller/go/executor.go:889.39,891.3 1 52
github.com/arkanus-app/rpg-dice-roller/go/executor.go:892.2,893.20 2 28
github.com/arkanus-app/rpg-dice-roller/go/executor_compact_summary.go:22.66,23.72 1 204
github.com/arkanus-app/rpg-dice-roller/go/executor_compact_summary.go:23.72,25.3 1 55
github.com/arkanus-app/rpg-dice-roller/go/executor_compact_summary.go:26.2,27.17 2 149
github.com/arkanus-app/rpg-dice-roller/go/executor_compact_summary.go:27.17,29.3 1 1
github.com/arkanus-app/rpg-dice-roller/go/executor_compact_summary.go:30.2,30.42 1 148
github.com/arkanus-app/rpg-dice-roller/go/executor_compact_summary.go:30.42,31.24 1 288
github.com/arkanus-app/rpg-dice-roller/go/executor_compact_summary.go:32.126,32.126 0 287
github.com/arkanus-app/rpg-dice-roller/go/executor_compact_summary.go:33.11,34.16 1 1
github.com/arkanus-app/rpg-dice-roller/go/executor_compact_summary.go:37.2,37.13 1 147
github.com/arkanus-app/rpg-dice-roller/go/executor_compact_summary.go:40.132,41.15 1 206397
github.com/arkanus-app/rpg-dice-roller/go/executor_compact_summary.go:41.15,43.3 1 64186
github.com/arkanus-app/rpg-dice-roller/go/executor_compact_summary.go:43.8,45.3 1 142211
github.com/arkanus-app/rpg-dice-roller/go/executor_compact_summary.go:46.2,49.91 4 206190
github.com/arkanus-app/rpg-dice-roller/go/executor_compact_summary.go:52.50,54.32 2 33984
github.com/arkanus-app/rpg-dice-roller/go/executor_compact_summary.go:54.32,56.3 1 33984
github.com/arkanus-app/rpg-dice-roller/go/executor_compact_summary.go:59.103,61.26 2 4746
github.com/arkanus-app/rpg-dice-roller/go/executor_compact_summary.go:61.26,63.103 2 28379
github.com/arkanus-app/rpg-dice-roller/go/executor_compact_summary.go:63.103,64.12 1 20818
github.com/arkanus-app/rpg-dice-roller/go/executor_compact_summary.go:66.3,68.34 3 7561
github.com/arkanus-app/rpg-dice-roller/go/executor_compact_summary.go:72.171,77.42 2 7180
github.com/arkanus-app/rpg-dice-roller/go/executor_compact_summary.go:77.42,82.7 5 91186
github.com/arkanus-app/rpg-dice-roller/go/executor_compact_summary.go:82.7,83.78 1 154978
github.com/arkanus-app/rpg-dice-roller/go/executor_compact_summary.go:83.78,84.10 1 47367
github.com/arkanus-app/rpg-dice-roller/go/executor_compact_summary.go:86.4,87.31 2 107611
github.com/arkanus-app/rpg-dice-roller/go/executor_compact_summary.go:87.31,89.5 1 1824
github.com/arkanus-app/rpg-dice-roller/go/executor_compact_summary.go:90.4,90.16 1 107611
github.com/arkanus-app/rpg-dice-roller/go/executor_compact_summary.go:90.16,91.10 1 43367
github.com/arkanus-app/rpg-dice-roller/go/executor_compact_summary.go:93.4,96.26 4 64244
github.com/arkanus-app/rpg-dice-roller/go/executor_compact_summary.go:96.26,100.5 3 3401
github.com/arkanus-app/rpg-dice-roller/go/executor_compact_summary.go:101.4,104.16 4 63897
github.com/arkanus-app/rpg-dice-roller/go/executor_compact_summary.go:106.3,106.53 1 90734
github.com/arkanus-app/rpg-dice-roller/go/executor_compact_summary.go:106.53,110.59 4 2979
github.com/arkanus-app/rpg-dice-roller/go/executor_compact_summary.go:110.59,115.5 4 3343
github.com/arkanus-app/rpg-dice-roller/go/executor_compact_summary.go:118.2,118.13 1 6699
github.com/arkanus-app/rpg-dice-roller/go/executor_compact_summary.go:121.150,122.26 1 4689
github.com/arkanus-app/rpg-dice-roller/go/executor_compact_summary.go:122.26,124.18 2 47771
github.com/arkanus-app/rpg-dice-roller/go/executor_compact_summary.go:124.18,125.12 1 2763
github.com/arkanus-app/rpg-dice-roller/go/executor_compact_summary.go:127.3,127.7 1 45008
github.com/arkanus-app/rpg-dice-roller/go/executor_compact_summary.go:127.7,129.31 2 45282
github.com/arkanus-app/rpg-dice-roller/go/executor_compact_summary.go:129.31,131.5 1 42288
github.com/arkanus-app/rpg-dice-roller/go/executor_compact_summary.go:132.4,132.16 1 45282
github.com/arkanus-app/rpg-dice-roller/go/executor_compact_summary.go:132.16,133.10 1 32252
github.com/arkanus-app/rpg-dice-roller/go/executor_compact_summary.go:135.4,139.21 5 13030
github.com/arkanus-app/rpg-dice-roller/go/executor_compact_summary.go:139.21,140.10 1 12656
github.com/arkanus-app/rpg-dice-roller/go/executor_compact_summary.go:146.150,148.26 2 4230
github.com/arkanus-app/rpg-dice-roller/go/executor_compact_summary.go:148.26,150.18 2 27499
github.com/arkanus-app/rpg-dice-roller/go/executor_compact_summary.go:150.18,151.12 1 2584
github.com/arkanus-app/rpg-dice-roller/go/executor_compact_summary.go:153.3,153.7 1 24915
github.com/arkanus-app/rpg-dice-roller/go/executor_compact_summary.go:153.7,154.100 1 30599
github.com/arkanus-app/rpg-dice-roller/go/executor_compact_summary.go:154.100,155.10 1 23503
github.com/arkanus-app/rpg-dice-roller/go/executor_compact_summary.go:157.4,161.21 5 7096
github.com/arkanus-app/rpg-dice-roller/go/executor_compact_summary.go:161.21,162.10 1 1344
github.com/arkanus-app/rpg-dice-roller/go/executor_compact_summary.go:165.3,165.25 1 24847
github.com/arkanus-app/rpg-dice-roller/go/executor_compact_summary.go:174.66,175.30 1 322214
github.com/arkanus-app/rpg-dice-roller/go/executor_compact_summary.go:175.30,177.3 1 127790
github.com/arkanus-app/rpg-dice-roller/go/executor_compact_summary.go:178.2,178.30 1 194424
github.com/arkanus-app/rpg-dice-roller/go/executor_compact_summary.go:178.30,180.3 1 33387
github.com/arkanus-app/rpg-dice-roller/go/executor_compact_summary.go:181.2,181.33 1 161037
github.com/arkanus-app/rpg-dice-roller/go/executor_compact_summary.go:184.107,187.28 3 14576
github.com/arkanus-app/rpg-dice-roller/go/executor_compact_summary.go:187.28,189.3 1 130
github.com/arkanus-app/rpg-dice-roller/go/executor_compact_summary.go:190.2,190.31 1 14576
github.com/arkanus-app/rpg-dice-roller/go/executor_compact_summary.go:190.31,191.17 1 196950
github.com/arkanus-app/rpg-dice-roller/go/executor_compact_summary.go:191.17,193.4 1 191629
github.com/arkanus-app/rpg-dice-roller/go/executor_compact_summary.go:197.2,199.36 3 14576
github.com/arkanus-app/rpg-dice-roller/go/executor_compact_summary.go:199.36,201.3 1 8562
github.com/arkanus-app/rpg-dice-roller/go/executor_compact_summary.go:202.2,202.67 1 14576
github.com/arkanus-app/rpg-dice-roller/go/executor_compact_summary.go:202.67,204.3 1 14384
github.com/arkanus-app/rpg-dice-roller/go/executor_compact_summary.go:204.8,206.3 1 192
github.com/arkanus-app/rpg-dice-roller/go/executor_compact_summary.go:207.2,207.30 1 14576
github.com/arkanus-app/rpg-dice-roller/go/executor_compact_summary.go:207.30,209.20 2 126470
github.com/arkanus-app/rpg-dice-roller/go/executor_compact_summary.go:209.20,210.12 1 5894
github.com/arkanus-app/rpg-dice-roller/go/executor_compact_summary.go:212.3,214.34 3 120576
github.com/arkanus-app/rpg-dice-roller/go/executor_compact_summary.go:218.104,219.26 1 4583
github.com/arkanus-app/rpg-dice-roller/go/executor_compact_summary.go:219.26,221.18 2 47462
github.com/arkanus-app/rpg-dice-roller/go/executor_compact_summary.go:221.18,222.12 1 2661
github.com/arkanus-app/rpg-dice-roller/go/executor_compact_summary.go:224.3,225.51 2 44801
github.com/arkanus-app/rpg-dice-roller/go/executor_compact_summary.go:225.51,227.20 2 19038
github.com/arkanus-app/rpg-dice-roller/go/executor_compact_summary.go:227.20,229.5 1 16411
github.com/arkanus-app/rpg-dice-roller/go/executor_compact_summary.go:230.9,230.85 1 25763
github.com/arkanus-app/rpg-dice-roller/go/executor_compact_summary.go:230.85,232.20 2 2877
github.com/arkanus-app/rpg-dice-roller/go/executor_compact_summary.go:232.20,234.5 1 1504
github.com/arkanus-app/rpg-dice-roller/go/executor_compact_summary.go:235.9,237.4 1 22886
github.com/arkanus-app/rpg-dice-roller/go/executor_compact_summary.go:238.3,238.34 1 44801
github.com/arkanus-app/rpg-dice-roller/go/executor_compact_summary.go:242.130,244.41 2 3965
github.com/arkanus-app/rpg-dice-roller/go/executor_compact_summary.go:244.41,246.3 1 1988
github.com/arkanus-app/rpg-dice-roller/go/executor_compact_summary.go:247.2,247.27 1 3965
github.com/arkanus-app/rpg-dice-roller/go/executor_compact_summary.go:247.27,249.30 2 34419
github.com/arkanus-app/rpg-dice-roller/go/executor_compact_summary.go:249.30,251.4 1 6592
github.com/arkanus-app/rpg-dice-roller/go/executor_compact_summary.go:252.3,252.28 1 34419
github.com/arkanus-app/rpg-dice-roller/go/executor_compact_summary.go:252.28,254.4 1 3889
github.com/arkanus-app/rpg-dice-roller/go/executor_compact_summary.go:258.126,261.39 3 14416
github.com/arkanus-app/rpg-dice-roller/go/executor_compact_summary.go:261.39,263.3 1 130
github.com/arkanus-app/rpg-dice-roller/go/executor_compact_summary.go:264.2,264.56 1 14416
github.com/arkanus-app/rpg-dice-roller/go/executor_compact_summary.go:264.56,266.3 1 142211
github.com/arkanus-app/rpg-dice-roller/go/executor_compact_summary.go:267.2,267.42 1 13602
github.com/arkanus-app/rpg-dice-roller/go/executor_compact_summary.go:267.42,268.24 1 45946
github.com/arkanus-app/rpg-dice-roller/go/executor_compact_summary.go:269.21,270.48 1 4746
github.com/arkanus-app/rpg-dice-roller/go/executor_compact_summary.go:271.18,272.69 1 7180
github.com/arkanus-app/rpg-dice-roller/go/executor_compact_summary.go:273.17,274.61 1 4689
github.com/arkanus-app/rpg-dice-roller/go/executor_compact_summary.go:275.17,276.61 1 4230
github.com/arkanus-app/rpg-dice-roller/go/executor_compact_summary.go:277.23,278.52 1 14576
github.com/arkanus-app/rpg-dice-roller/go/executor_compact_summary.go:279.17,280.49 1 4583
github.com/arkanus-app/rpg-dice-roller/go/executor_compact_summary.go:281.47,282.57 1 3965
github.com/arkanus-app/rpg-dice-roller/go/executor_compact_summary.go:287.2,288.27 2 12618
github.com/arkanus-app/rpg-dice-roller/go/executor_compact_summary.go:288.27,290.3 1 195959
github.com/arkanus-app/rpg-dice-roller/go/executor_compact_summary.go:291.2,296.27 6 12618
github.com/arkanus-app/rpg-dice-roller/go/executor_compact_summary.go:296.27,297.37 1 195119
github.com/arkanus-app/rpg-dice-roller/go/executor_compact_summary.go:297.37,299.4 1 4439
github.com/arkanus-app/rpg-dice-roller/go/executor_compact_summary.go:300.3,300.33 1 195119
github.com/arkanus-app/rpg-dice-roller/go/executor_compact_summary.go:300.33,302.44 2 72703
github.com/arkanus-app/rpg-dice-roller/go/executor_compact_summary.go:302.44,304.5 1 15974
github.com/arkanus-app/rpg-dice-roller/go/executor_compact_summary.go:304.10,304.51 1 56538
github.com/arkanus-app/rpg-dice-roller/go/executor_compact_summary.go:304.51,306.5 1 1504
github.com/arkanus-app/rpg-dice-roller/go/executor_compact_summary.go:309.2,310.17 2 12382
github.com/arkanus-app/rpg-dice-roller/go/executor_compact_summary.go:310.17,312.3 1 4358
github.com/arkanus-app/rpg-dice-roller/go/executor_compact_summary.go:313.2,313.20 1 12331
github.com/arkanus-app/rpg-dice-roller/go/executor_compact_summary.go:316.127,321.70 5 9178
github.com/arkanus-app/rpg-dice-roller/go/executor_compact_summary.go:321.70,325.3 3 14436
github.com/arkanus-app/rpg-dice-roller/go/executor_compact_summary.go:326.2,327.29 2 7056
github.com/arkanus-app/rpg-dice-roller/go/executor_compact_summary.go:327.29,329.3 1 11472
github.com/arkanus-app/rpg-dice-roller/go/executor_compact_summary.go:330.2,330.328 1 7056
github.com/arkanus-app/rpg-dice-roller/go/executor_summary.go:8.66,11.2 2 562810
github.com/arkanus-app/rpg-dice-roller/go/executor_summary.go:12.52,16.2 3 232
github.com/arkanus-app/rpg-dice-roller/go/executor_summary.go:17.151,19.56 2 77
github.com/arkanus-app/rpg-dice-roller/go/executor_summary.go:19.56,24.3 4 435
github.com/arkanus-app/rpg-dice-roller/go/executor_summary.go:25.2,28.56 4 62
github.com/arkanus-app/rpg-dice-roller/go/executor_summary.go:28.56,30.30 2 36
github.com/arkanus-app/rpg-dice-roller/go/executor_summary.go:30.30,32.4 1 20
github.com/arkanus-app/rpg-dice-roller/go/executor_summary.go:32.9,34.4 1 16
github.com/arkanus-app/rpg-dice-roller/go/executor_summary.go:35.3,36.32 2 36
github.com/arkanus-app/rpg-dice-roller/go/executor_summary.go:36.32,38.4 1 142
github.com/arkanus-app/rpg-dice-roller/go/executor_summary.go:39.3,39.30 1 36
github.com/arkanus-app/rpg-dice-roller/go/executor_summary.go:39.30,40.31 1 6
github.com/arkanus-app/rpg-dice-roller/go/executor_summary.go:40.31,42.5 1 2
github.com/arkanus-app/rpg-dice-roller/go/executor_summary.go:43.9,43.27 1 30
github.com/arkanus-app/rpg-dice-roller/go/executor_summary.go:43.27,45.33 2 18
github.com/arkanus-app/rpg-dice-roller/go/executor_summary.go:45.33,46.40 1 68
github.com/arkanus-app/rpg-dice-roller/go/executor_summary.go:46.40,48.6 1 32
github.com/arkanus-app/rpg-dice-roller/go/executor_summary.go:48.11,50.6 1 36
github.com/arkanus-app/rpg-dice-roller/go/executor_summary.go:52.4,52.31 1 18
github.com/arkanus-app/rpg-dice-roller/go/executor_summary.go:52.31,54.5 1 10
github.com/arkanus-app/rpg-dice-roller/go/executor_summary.go:54.10,56.5 1 8
github.com/arkanus-app/rpg-dice-roller/go/executor_summary.go:57.9,60.38 3 12
github.com/arkanus-app/rpg-dice-roller/go/executor_summary.go:60.38,62.5 1 8
github.com/arkanus-app/rpg-dice-roller/go/executor_summary.go:63.4,64.56 2 12
github.com/arkanus-app/rpg-dice-roller/go/executor_summary.go:64.56,66.5 1 30
github.com/arkanus-app/rpg-dice-roller/go/executor_summary.go:67.4,67.31 1 12
github.com/arkanus-app/rpg-dice-roller/go/executor_summary.go:67.31,69.5 1 8
github.com/arkanus-app/rpg-dice-roller/go/executor_summary.go:69.10,71.5 1 4
github.com/arkanus-app/rpg-dice-roller/go/executor_summary.go:73.3,73.55 1 36
github.com/arkanus-app/rpg-dice-roller/go/executor_summary.go:73.55,75.4 1 70
github.com/arkanus-app/rpg-dice-roller/go/executor_summary.go:76.8,78.32 2 26
github.com/arkanus-app/rpg-dice-roller/go/executor_summary.go:78.32,79.33 1 247
github.com/arkanus-app/rpg-dice-roller/go/executor_summary.go:79.33,80.49 1 175
github.com/arkanus-app/rpg-dice-roller/go/executor_summary.go:80.49,82.6 1 31
github.com/arkanus-app/rpg-dice-roller/go/executor_summary.go:82.11,82.83 1 144
github.com/arkanus-app/rpg-dice-roller/go/executor_summary.go:82.83,84.6 1 50
github.com/arkanus-app/rpg-dice-roller/go/executor_summary.go:85.5,85.36 1 175
github.com/arkanus-app/rpg-dice-roller/go/executor_summary.go:86.10,88.31 2 72
github.com/arkanus-app/rpg-dice-roller/go/executor_summary.go:88.31,90.6 1 40
github.com/arkanus-app/rpg-dice-roller/go/executor_summary.go:91.5,91.29 1 72
github.com/arkanus-app/rpg-dice-roller/go/executor_summary.go:91.29,93.6 1 29
github.com/arkanus-app/rpg-dice-roller/go/executor_summary.go:94.5,94.25 1 71
github.com/arkanus-app/rpg-dice-roller/go/executor_summary.go:97.3,97.32 1 24
github.com/arkanus-app/rpg-dice-roller/go/executor_summary.go:97.32,100.4 2 11
github.com/arkanus-app/rpg-dice-roller/go/executor_summary.go:102.2,104.44 3 59
github.com/arkanus-app/rpg-dice-roller/go/executor_summary.go:104.44,106.3 1 298
github.com/arkanus-app/rpg-dice-roller/go/executor_summary.go:107.2,108.48 2 51
github.com/arkanus-app/rpg-dice-roller/go/executor_summary.go:110.131,112.19 2 241
github.com/arkanus-app/rpg-dice-roller/go/executor_summary.go:113.16,114.21 1 64
github.com/arkanus-app/rpg-dice-roller/go/executor_summary.go:115.15,117.27 2 8
github.com/arkanus-app/rpg-dice-roller/go/executor_summary.go:117.27,119.4 1 6
github.com/arkanus-app/rpg-dice-roller/go/executor_summary.go:120.16,122.23 2 40
github.com/arkanus-app/rpg-dice-roller/go/executor_summary.go:122.23,124.4 1 2
github.com/arkanus-app/rpg-dice-roller/go/executor_summary.go:125.3,127.70 3 40
github.com/arkanus-app/rpg-dice-roller/go/executor_summary.go:128.23,129.76 1 10
github.com/arkanus-app/rpg-dice-roller/go/executor_summary.go:130.18,132.35 2 30
github.com/arkanus-app/rpg-dice-roller/go/executor_summary.go:132.35,134.4 1 24
github.com/arkanus-app/rpg-dice-roller/go/executor_summary.go:134.9,137.4 2 6
github.com/arkanus-app/rpg-dice-roller/go/executor_summary.go:138.14,140.18 2 83
github.com/arkanus-app/rpg-dice-roller/go/executor_summary.go:140.18,142.4 1 1
github.com/arkanus-app/rpg-dice-roller/go/executor_summary.go:143.3,144.57 2 82
github.com/arkanus-app/rpg-dice-roller/go/executor_summary.go:144.57,149.4 4 200
github.com/arkanus-app/rpg-dice-roller/go/executor_summary.go:150.3,150.44 1 78
github.com/arkanus-app/rpg-dice-roller/go/executor_summary.go:151.15,153.47 2 6
github.com/arkanus-app/rpg-dice-roller/go/executor_summary.go:153.47,155.4 1 12
github.com/arkanus-app/rpg-dice-roller/go/executor_summary.go:156.3,156.44 1 6
github.com/arkanus-app/rpg-dice-roller/go/executor_summary.go:158.2,159.14 2 232
github.com/arkanus-app/rpg-dice-roller/go/executor_summary.go:161.124,167.32 6 163
github.com/arkanus-app/rpg-dice-roller/go/executor_summary.go:167.32,169.45 2 101
github.com/arkanus-app/rpg-dice-roller/go/executor_summary.go:169.45,171.4 1 76
github.com/arkanus-app/rpg-dice-roller/go/executor_summary.go:173.2,173.70 1 163
github.com/arkanus-app/rpg-dice-roller/go/executor_summary.go:173.70,177.22 4 172
github.com/arkanus-app/rpg-dice-roller/go/executor_summary.go:177.22,179.4 1 77
github.com/arkanus-app/rpg-dice-roller/go/executor_summary.go:179.9,181.4 1 95
github.com/arkanus-app/rpg-dice-roller/go/executor_summary.go:182.3,182.89 1 135
github.com/arkanus-app/rpg-dice-roller/go/executor_summary.go:184.2,185.29 2 126
github.com/arkanus-app/rpg-dice-roller/go/executor_summary.go:185.29,187.3 1 135
github.com/arkanus-app/rpg-dice-roller/go/executor_summary.go:188.2,188.328 1 126
github.com/arkanus-app/rpg-dice-roller/go/journal.go:16.85,18.26 2 19546
github.com/arkanus-app/rpg-dice-roller/go/journal.go:18.26,20.3 1 19530
github.com/arkanus-app/rpg-dice-roller/go/journal.go:21.2,21.91 1 19546
github.com/arkanus-app/rpg-dice-roller/go/journal.go:23.43,23.66 1 16067
github.com/arkanus-app/rpg-dice-roller/go/journal.go:24.71,25.41 1 517051
github.com/arkanus-app/rpg-dice-roller/go/journal.go:25.41,27.3 1 1279
github.com/arkanus-app/rpg-dice-roller/go/journal.go:28.2,28.20 1 515772
github.com/arkanus-app/rpg-dice-roller/go/journal.go:28.20,30.3 1 515767
github.com/arkanus-app/rpg-dice-roller/go/journal.go:31.2,32.32 2 5
github.com/arkanus-app/rpg-dice-roller/go/journal.go:32.32,34.3 1 17
github.com/arkanus-app/rpg-dice-roller/go/journal.go:35.2,36.19 2 5
github.com/arkanus-app/rpg-dice-roller/go/journal.go:41.70,42.41 1 14047
github.com/arkanus-app/rpg-dice-roller/go/journal.go:42.41,44.3 1 36
github.com/arkanus-app/rpg-dice-roller/go/journal.go:45.2,45.19 1 14011
github.com/arkanus-app/rpg-dice-roller/go/journal.go:45.19,48.3 2 14010
github.com/arkanus-app/rpg-dice-roller/go/journal.go:49.2,49.12 1 14011
github.com/arkanus-app/rpg-dice-roller/go/journal.go:52.49,53.21 1 531098
github.com/arkanus-app/rpg-dice-roller/go/journal.go:53.21,54.51 1 531083
github.com/arkanus-app/rpg-dice-roller/go/journal.go:54.51,56.4 1 622
github.com/arkanus-app/rpg-dice-roller/go/journal.go:57.3,57.56 1 530461
github.com/arkanus-app/rpg-dice-roller/go/journal.go:57.56,59.4 1 693
github.com/arkanus-app/rpg-dice-roller/go/journal.go:61.2,62.12 2 529783
github.com/arkanus-app/rpg-dice-roller/go/journal.go:64.73,65.20 1 35
github.com/arkanus-app/rpg-dice-roller/go/journal.go:65.20,67.3 1 3
github.com/arkanus-app/rpg-dice-roller/go/journal.go:68.2,70.18 3 32
github.com/arkanus-app/rpg-dice-roller/go/journal.go:70.18,72.3 1 4
github.com/arkanus-app/rpg-dice-roller/go/journal.go:73.2,73.15 1 32
github.com/arkanus-app/rpg-dice-roller/go/journal.go:73.15,75.3 1 2
github.com/arkanus-app/rpg-dice-roller/go/journal.go:75.8,77.3 1 30
github.com/arkanus-app/rpg-dice-roller/go/journal.go:78.2,78.14 1 32
github.com/arkanus-app/rpg-dice-roller/go/journal.go:78.14,80.3 1 2
github.com/arkanus-app/rpg-dice-roller/go/journal.go:80.8,82.3 1 30
github.com/arkanus-app/rpg-dice-roller/go/journal.go:83.2,85.28 3 32
github.com/arkanus-app/rpg-dice-roller/go/journal.go:85.28,87.3 1 33
github.com/arkanus-app/rpg-dice-roller/go/journal.go:88.2,88.15 1 32
github.com/arkanus-app/rpg-dice-roller/go/journal.go:90.50,92.2 1 17
github.com/arkanus-app/rpg-dice-roller/go/journal.go:96.65,96.84 1 832
github.com/arkanus-app/rpg-dice-roller/go/limits.go:27.37,30.2 1 27203
github.com/arkanus-app/rpg-dice-roller/go/limits.go:32.43,35.2 1 3
github.com/arkanus-app/rpg-dice-roller/go/limits.go:37.45,40.2 1 5
github.com/arkanus-app/rpg-dice-roller/go/limits.go:47.51,57.2 1 6002
github.com/arkanus-app/rpg-dice-roller/go/limits.go:59.52,60.41 1 21871
github.com/arkanus-app/rpg-dice-roller/go/limits.go:60.41,63.3 1 98
github.com/arkanus-app/rpg-dice-roller/go/limits.go:64.2,64.12 1 21773
github.com/arkanus-app/rpg-dice-roller/go/limits.go:68.43,69.45 1 796
github.com/arkanus-app/rpg-dice-roller/go/limits.go:69.45,70.65 1 11108
github.com/arkanus-app/rpg-dice-roller/go/limits.go:70.65,72.4 1 3
github.com/arkanus-app/rpg-dice-roller/go/limits.go:74.2,74.12 1 793
github.com/arkanus-app/rpg-dice-roller/go/limits.go:79.73,81.45 2 3498
github.com/arkanus-app/rpg-dice-roller/go/limits.go:81.45,82.45 1 48659
github.com/arkanus-app/rpg-dice-roller/go/limits.go:82.45,83.59 1 3270
github.com/arkanus-app/rpg-dice-roller/go/limits.go:83.59,85.5 1 47
github.com/arkanus-app/rpg-dice-roller/go/limits.go:86.4,86.24 1 3223
github.com/arkanus-app/rpg-dice-roller/go/limits.go:89.2,89.20 1 3451
github.com/arkanus-app/rpg-dice-roller/go/limits.go:93.93,94.42 1 791
github.com/arkanus-app/rpg-dice-roller/go/limits.go:94.42,96.3 1 2
github.com/arkanus-app/rpg-dice-roller/go/limits.go:97.2,97.45 1 789
github.com/arkanus-app/rpg-dice-roller/go/limits.go:97.45,98.45 1 10595
github.com/arkanus-app/rpg-dice-roller/go/limits.go:98.45,99.59 1 7493
github.com/arkanus-app/rpg-dice-roller/go/limits.go:99.59,101.5 1 48
github.com/arkanus-app/rpg-dice-roller/go/limits.go:102.4,102.28 1 7445
github.com/arkanus-app/rpg-dice-roller/go/limits.go:102.28,105.5 1 17
github.com/arkanus-app/rpg-dice-roller/go/limits.go:106.4,106.24 1 7428
github.com/arkanus-app/rpg-dice-roller/go/limits.go:109.2,109.20 1 724
github.com/arkanus-app/rpg-dice-roller/go/math.go:12.45,13.9 1 1919
github.com/arkanus-app/rpg-dice-roller/go/math.go:14.25,15.15 1 1131
github.com/arkanus-app/rpg-dice-roller/go/math.go:16.28,17.20 1 773
github.com/arkanus-app/rpg-dice-roller/go/math.go:18.29,19.21 1 9
github.com/arkanus-app/rpg-dice-roller/go/math.go:20.10,21.49 1 6
github.com/arkanus-app/rpg-dice-roller/go/math.go:25.69,26.47 1 93118
github.com/arkanus-app/rpg-dice-roller/go/math.go:26.47,29.3 1 1908
github.com/arkanus-app/rpg-dice-roller/go/math.go:30.2,30.16 1 91210
github.com/arkanus-app/rpg-dice-roller/go/math.go:30.16,32.3 1 2369
github.com/arkanus-app/rpg-dice-roller/go/math.go:33.2,33.19 1 88841
github.com/arkanus-app/rpg-dice-roller/go/math.go:39.61,43.19 4 11023
github.com/arkanus-app/rpg-dice-roller/go/math.go:43.19,45.3 1 1431
github.com/arkanus-app/rpg-dice-roller/go/math.go:46.2,47.24 2 11023
github.com/arkanus-app/rpg-dice-roller/go/math.go:47.24,49.3 1 9592
github.com/arkanus-app/rpg-dice-roller/go/math.go:49.8,51.3 1 1431
github.com/arkanus-app/rpg-dice-roller/go/math.go:52.2,54.55 3 11023
github.com/arkanus-app/rpg-dice-roller/go/math.go:54.55,56.3 1 4828
github.com/arkanus-app/rpg-dice-roller/go/math.go:57.2,58.24 2 11023
github.com/arkanus-app/rpg-dice-roller/go/math.go:58.24,60.3 1 9592
github.com/arkanus-app/rpg-dice-roller/go/math.go:60.8,62.3 1 1431
github.com/arkanus-app/rpg-dice-roller/go/math.go:63.2,64.14 2 11023
github.com/arkanus-app/rpg-dice-roller/go/math.go:64.14,66.3 1 2894
github.com/arkanus-app/rpg-dice-roller/go/math.go:67.2,67.15 1 11023
github.com/arkanus-app/rpg-dice-roller/go/math.go:71.71,73.16 2 82095
github.com/arkanus-app/rpg-dice-roller/go/math.go:73.16,75.3 1 1908
github.com/arkanus-app/rpg-dice-roller/go/math.go:76.2,76.81 1 80187
github.com/arkanus-app/rpg-dice-roller/go/math.go:76.81,78.3 1 69881
github.com/arkanus-app/rpg-dice-roller/go/math.go:79.2,81.67 3 10306
github.com/arkanus-app/rpg-dice-roller/go/math.go:84.45,85.72 1 2742
github.com/arkanus-app/rpg-dice-roller/go/math.go:85.72,87.3 1 27
github.com/arkanus-app/rpg-dice-roller/go/math.go:88.2,88.66 1 2715
github.com/arkanus-app/rpg-dice-roller/go/math.go:91.90,93.18 2 1091
github.com/arkanus-app/rpg-dice-roller/go/math.go:94.11,95.24 1 851
github.com/arkanus-app/rpg-dice-roller/go/math.go:96.11,97.24 1 63
github.com/arkanus-app/rpg-dice-roller/go/math.go:98.11,99.24 1 27
github.com/arkanus-app/rpg-dice-roller/go/math.go:100.11,101.24 1 76
github.com/arkanus-app/rpg-dice-roller/go/math.go:102.11,103.33 1 21
github.com/arkanus-app/rpg-dice-roller/go/math.go:104.17,105.34 1 52
github.com/arkanus-app/rpg-dice-roller/go/math.go:106.10,107.117 1 1
github.com/arkanus-app/rpg-dice-roller/go/math.go:109.2,109.42 1 1090
github.com/arkanus-app/rpg-dice-roller/go/math.go:114.87,116.14 2 10235
github.com/arkanus-app/rpg-dice-roller/go/math.go:117.13,118.27 1 18
github.com/arkanus-app/rpg-dice-roller/go/math.go:119.14,120.28 1 37
github.com/arkanus-app/rpg-dice-roller/go/math.go:121.13,122.24 1 2018
github.com/arkanus-app/rpg-dice-roller/go/math.go:123.13,124.24 1 2020
github.com/arkanus-app/rpg-dice-roller/go/math.go:125.15,126.29 1 15
github.com/arkanus-app/rpg-dice-roller/go/math.go:127.13,128.24 1 2025
github.com/arkanus-app/rpg-dice-roller/go/math.go:129.15,131.26 2 18
github.com/arkanus-app/rpg-dice-roller/go/math.go:131.26,133.4 1 17
github.com/arkanus-app/rpg-dice-roller/go/math.go:134.14,135.10 1 22
github.com/arkanus-app/rpg-dice-roller/go/math.go:136.26,137.18 1 1
github.com/arkanus-app/rpg-dice-roller/go/math.go:138.18,139.14 1 12
github.com/arkanus-app/rpg-dice-roller/go/math.go:140.18,141.15 1 2
github.com/arkanus-app/rpg-dice-roller/go/math.go:143.13,144.24 1 2017
github.com/arkanus-app/rpg-dice-roller/go/math.go:145.14,146.28 1 28
github.com/arkanus-app/rpg-dice-roller/go/math.go:147.13,148.24 1 2016
github.com/arkanus-app/rpg-dice-roller/go/math.go:149.10,150.113 1 1
github.com/arkanus-app/rpg-dice-roller/go/math.go:152.2,152.42 1 10234
github.com/arkanus-app/rpg-dice-roller/go/math.go:155.94,157.14 2 2754
github.com/arkanus-app/rpg-dice-roller/go/math.go:158.13,159.44 1 44
github.com/arkanus-app/rpg-dice-roller/go/math.go:159.44,161.4 1 4
github.com/arkanus-app/rpg-dice-roller/go/math.go:161.9,163.4 1 40
github.com/arkanus-app/rpg-dice-roller/go/math.go:164.13,165.44 1 19
github.com/arkanus-app/rpg-dice-roller/go/math.go:165.44,167.4 1 4
github.com/arkanus-app/rpg-dice-roller/go/math.go:167.9,169.4 1 15
github.com/arkanus-app/rpg-dice-roller/go/math.go:170.13,171.34 1 2690
github.com/arkanus-app/rpg-dice-roller/go/math.go:172.10,173.114 1 1
github.com/arkanus-app/rpg-dice-roller/go/math.go:175.2,175.42 1 2753
github.com/arkanus-app/rpg-dice-roller/go/math.go:178.63,179.18 1 3051030
github.com/arkanus-app/rpg-dice-roller/go/math.go:180.11,181.23 1 48080
github.com/arkanus-app/rpg-dice-roller/go/math.go:182.18,183.23 1 32
github.com/arkanus-app/rpg-dice-roller/go/math.go:184.11,185.22 1 73596
github.com/arkanus-app/rpg-dice-roller/go/math.go:186.11,187.22 1 12
github.com/arkanus-app/rpg-dice-roller/go/math.go:188.12,189.23 1 11996
github.com/arkanus-app/rpg-dice-roller/go/math.go:190.12,191.23 1 2917313
github.com/arkanus-app/rpg-dice-roller/go/math.go:192.10,193.15 1 1
github.com/arkanus-app/rpg-dice-roller/go/math.go:197.50,199.16 2 67981
github.com/arkanus-app/rpg-dice-roller/go/math.go:199.16,201.3 1 2
github.com/arkanus-app/rpg-dice-roller/go/math.go:204.2,204.42 1 67979
github.com/arkanus-app/rpg-dice-roller/go/math.go:204.42,206.3 1 67262
github.com/arkanus-app/rpg-dice-roller/go/math.go:207.2,207.58 1 717
github.com/arkanus-app/rpg-dice-roller/go/math_pow.go:13.30,13.68 1 7492
github.com/arkanus-app/rpg-dice-roller/go/math_pow.go:15.34,45.24 8 2719
github.com/arkanus-app/rpg-dice-roller/go/math_pow.go:45.24,47.3 1 72
github.com/arkanus-app/rpg-dice-roller/go/math_pow.go:48.2,48.102 1 2647
github.com/arkanus-app/rpg-dice-roller/go/math_pow.go:48.102,50.3 1 26
github.com/arkanus-app/rpg-dice-roller/go/math_pow.go:51.2,52.12 2 2621
github.com/arkanus-app/rpg-dice-roller/go/math_pow.go:52.12,53.23 1 704
github.com/arkanus-app/rpg-dice-roller/go/math_pow.go:53.23,55.4 1 25
github.com/arkanus-app/rpg-dice-roller/go/math_pow.go:55.9,55.30 1 679
github.com/arkanus-app/rpg-dice-roller/go/math_pow.go:55.30,57.14 2 654
github.com/arkanus-app/rpg-dice-roller/go/math_pow.go:57.14,59.28 2 10
github.com/arkanus-app/rpg-dice-roller/go/math_pow.go:59.28,61.6 1 10
github.com/arkanus-app/rpg-dice-roller/go/math_pow.go:62.10,62.22 1 644
github.com/arkanus-app/rpg-dice-roller/go/math_pow.go:62.22,64.28 2 455
github.com/arkanus-app/rpg-dice-roller/go/math_pow.go:64.28,66.6 1 445
github.com/arkanus-app/rpg-dice-roller/go/math_pow.go:70.2,70.13 1 2621
github.com/arkanus-app/rpg-dice-roller/go/math_pow.go:70.13,71.23 1 901
github.com/arkanus-app/rpg-dice-roller/go/math_pow.go:71.23,72.37 1 38
github.com/arkanus-app/rpg-dice-roller/go/math_pow.go:72.37,74.5 1 4
github.com/arkanus-app/rpg-dice-roller/go/math_pow.go:74.10,74.31 1 34
github.com/arkanus-app/rpg-dice-roller/go/math_pow.go:74.31,75.16 1 18
github.com/arkanus-app/rpg-dice-roller/go/math_pow.go:75.16,77.6 1 9
github.com/arkanus-app/rpg-dice-roller/go/math_pow.go:78.5,78.13 1 9
github.com/arkanus-app/rpg-dice-roller/go/math_pow.go:79.10,80.15 1 16
github.com/arkanus-app/rpg-dice-roller/go/math_pow.go:80.15,82.6 1 8
github.com/arkanus-app/rpg-dice-roller/go/math_pow.go:83.5,83.13 1 8
github.com/arkanus-app/rpg-dice-roller/go/math_pow.go:86.3,86.23 1 863
github.com/arkanus-app/rpg-dice-roller/go/math_pow.go:86.23,87.14 1 60
github.com/arkanus-app/rpg-dice-roller/go/math_pow.go:87.14,89.5 1 28
github.com/arkanus-app/rpg-dice-roller/go/math_pow.go:90.4,90.12 1 32
github.com/arkanus-app/rpg-dice-roller/go/math_pow.go:92.3,92.23 1 803
github.com/arkanus-app/rpg-dice-roller/go/math_pow.go:92.23,94.4 1 67
github.com/arkanus-app/rpg-dice-roller/go/math_pow.go:95.3,95.34 1 736
github.com/arkanus-app/rpg-dice-roller/go/math_pow.go:95.34,97.4 1 14
github.com/arkanus-app/rpg-dice-roller/go/math_pow.go:99.2,100.66 2 2442
github.com/arkanus-app/rpg-dice-roller/go/math_pow.go:100.66,102.13 2 124
github.com/arkanus-app/rpg-dice-roller/go/math_pow.go:102.13,104.4 1 42
github.com/arkanus-app/rpg-dice-roller/go/math_pow.go:105.3,105.13 1 124
github.com/arkanus-app/rpg-dice-roller/go/math_pow.go:105.13,106.35 1 64
github.com/arkanus-app/rpg-dice-roller/go/math_pow.go:106.35,108.5 1 7
github.com/arkanus-app/rpg-dice-roller/go/math_pow.go:108.10,108.26 1 57
github.com/arkanus-app/rpg-dice-roller/go/math_pow.go:108.26,110.5 1 3
github.com/arkanus-app/rpg-dice-roller/go/math_pow.go:112.3,112.11 1 124
github.com/arkanus-app/rpg-dice-roller/go/math_pow.go:114.2,115.19 2 2318
github.com/arkanus-app/rpg-dice-roller/go/math_pow.go:115.19,117.3 1 205
github.com/arkanus-app/rpg-dice-roller/go/math_pow.go:118.2,119.23 2 2113
github.com/arkanus-app/rpg-dice-roller/go/math_pow.go:119.23,121.3 1 164
github.com/arkanus-app/rpg-dice-roller/go/math_pow.go:122.2,123.21 2 2113
github.com/arkanus-app/rpg-dice-roller/go/math_pow.go:123.21,124.22 1 65
github.com/arkanus-app/rpg-dice-roller/go/math_pow.go:124.22,125.24 1 26
github.com/arkanus-app/rpg-dice-roller/go/math_pow.go:125.24,126.15 1 12
github.com/arkanus-app/rpg-dice-roller/go/math_pow.go:126.15,128.6 1 6
github.com/arkanus-app/rpg-dice-roller/go/math_pow.go:129.5,129.13 1 6
github.com/arkanus-app/rpg-dice-roller/go/math_pow.go:131.4,131.24 1 14
github.com/arkanus-app/rpg-dice-roller/go/math_pow.go:131.24,132.15 1 14
github.com/arkanus-app/rpg-dice-roller/go/math_pow.go:132.15,134.6 1 7
github.com/arkanus-app/rpg-dice-roller/go/math_pow.go:135.5,135.13 1 7
github.com/arkanus-app/rpg-dice-roller/go/math_pow.go:138.3,138.22 1 39
github.com/arkanus-app/rpg-dice-roller/go/math_pow.go:138.22,139.14 1 15
github.com/arkanus-app/rpg-dice-roller/go/math_pow.go:139.14,141.5 1 5
github.com/arkanus-app/rpg-dice-roller/go/math_pow.go:142.4,142.30 1 10
github.com/arkanus-app/rpg-dice-roller/go/math_pow.go:144.3,144.22 1 24
github.com/arkanus-app/rpg-dice-roller/go/math_pow.go:144.22,145.14 1 18
github.com/arkanus-app/rpg-dice-roller/go/math_pow.go:145.14,147.5 1 12
github.com/arkanus-app/rpg-dice-roller/go/math_pow.go:148.4,148.30 1 6
github.com/arkanus-app/rpg-dice-roller/go/math_pow.go:150.3,155.20 6 6
github.com/arkanus-app/rpg-dice-roller/go/math_pow.go:156.8,158.22 2 2048
github.com/arkanus-app/rpg-dice-roller/go/math_pow.go:158.22,162.4 3 15
github.com/arkanus-app/rpg-dice-roller/go/math_pow.go:163.3,167.19 5 2048
github.com/arkanus-app/rpg-dice-roller/go/math_pow.go:167.19,169.4 1 843
github.com/arkanus-app/rpg-dice-roller/go/math_pow.go:169.9,169.25 1 1205
github.com/arkanus-app/rpg-dice-roller/go/math_pow.go:169.25,171.4 1 694
github.com/arkanus-app/rpg-dice-roller/go/math_pow.go:171.9,175.4 3 511
github.com/arkanus-app/rpg-dice-roller/go/math_pow.go:176.3,198.39 23 2048
github.com/arkanus-app/rpg-dice-roller/go/math_pow.go:200.2,206.21 7 2054
github.com/arkanus-app/rpg-dice-roller/go/math_pow.go:206.21,207.51 1 291
github.com/arkanus-app/rpg-dice-roller/go/math_pow.go:207.51,209.4 1 291
github.com/arkanus-app/rpg-dice-roller/go/math_pow.go:210.8,210.39 1 1763
github.com/arkanus-app/rpg-dice-roller/go/math_pow.go:210.39,211.54 1 317
github.com/arkanus-app/rpg-dice-roller/go/math_pow.go:211.54,213.4 1 317
github.com/arkanus-app/rpg-dice-roller/go/math_pow.go:215.2,218.21 4 1446
github.com/arkanus-app/rpg-dice-roller/go/math_pow.go:218.21,223.12 5 1389
github.com/arkanus-app/rpg-dice-roller/go/math_pow.go:223.12,225.4 1 665
github.com/arkanus-app/rpg-dice-roller/go/math_pow.go:226.3,226.10 1 1389
github.com/arkanus-app/rpg-dice-roller/go/math_pow.go:228.2,238.16 11 1446
github.com/arkanus-app/rpg-dice-roller/go/math_pow.go:238.16,240.3 1 5
github.com/arkanus-app/rpg-dice-roller/go/math_pow.go:240.8,242.3 1 1441
github.com/arkanus-app/rpg-dice-roller/go/math_pow.go:243.2,243.14 1 1446
github.com/arkanus-app/rpg-dice-roller/go/math_pow_refine.go:15.34,15.87 1 2109
github.com/arkanus-app/rpg-dice-roller/go/math_pow_refine.go:21.68,23.42 2 2715
github.com/arkanus-app/rpg-dice-roller/go/math_pow_refine.go:23.42,25.3 1 2017
github.com/arkanus-app/rpg-dice-roller/go/math_pow_refine.go:26.2,27.39 2 698
github.com/arkanus-app/rpg-dice-roller/go/math_pow_refine.go:27.39,29.3 1 430
github.com/arkanus-app/rpg-dice-roller/go/math_pow_refine.go:32.2,32.52 1 268
github.com/arkanus-app/rpg-dice-roller/go/math_pow_refine.go:32.52,34.3 1 157
github.com/arkanus-app/rpg-dice-roller/go/math_pow_refine.go:35.2,38.45 4 111
github.com/arkanus-app/rpg-dice-roller/go/math_pow_refine.go:41.42,44.61 3 111
github.com/arkanus-app/rpg-dice-roller/go/math_pow_refine.go:44.61,47.3 2 75
github.com/arkanus-app/rpg-dice-roller/go/math_pow_refine.go:48.2,56.38 7 111
github.com/arkanus-app/rpg-dice-roller/go/math_pow_refine.go:56.38,60.3 3 14208
github.com/arkanus-app/rpg-dice-roller/go/math_pow_refine.go:61.2,62.77 2 111
github.com/arkanus-app/rpg-dice-roller/go/math_pow_refine.go:65.42,73.35 7 111
github.com/arkanus-app/rpg-dice-roller/go/math_pow_refine.go:73.35,77.3 3 12432
github.com/arkanus-app/rpg-dice-roller/go/math_pow_refine.go:78.2,80.15 3 111
github.com/arkanus-app/rpg-dice-roller/go/math_transcendental.go:13.31,27.22 5 2020
github.com/arkanus-app/rpg-dice-roller/go/math_transcendental.go:27.22,28.20 1 553
github.com/arkanus-app/rpg-dice-roller/go/math_transcendental.go:28.20,30.4 1 5
github.com/arkanus-app/rpg-dice-roller/go/math_transcendental.go:31.3,31.37 1 548
github.com/arkanus-app/rpg-dice-roller/go/math_transcendental.go:31.37,33.4 1 357
github.com/arkanus-app/rpg-dice-roller/go/math_transcendental.go:34.3,34.38 1 191
github.com/arkanus-app/rpg-dice-roller/go/math_transcendental.go:34.38,36.4 1 183
github.com/arkanus-app/rpg-dice-roller/go/math_transcendental.go:38.2,40.21 3 1475
github.com/arkanus-app/rpg-dice-roller/go/math_transcendental.go:40.21,41.22 1 977
github.com/arkanus-app/rpg-dice-roller/go/math_transcendental.go:41.22,42.14 1 42
github.com/arkanus-app/rpg-dice-roller/go/math_transcendental.go:42.14,44.5 1 6
github.com/arkanus-app/rpg-dice-roller/go/math_transcendental.go:45.4,48.17 4 36
github.com/arkanus-app/rpg-dice-roller/go/math_transcendental.go:49.9,54.4 4 935
github.com/arkanus-app/rpg-dice-roller/go/math_transcendental.go:55.3,55.14 1 971
github.com/arkanus-app/rpg-dice-roller/go/math_transcendental.go:56.8,56.28 1 498
github.com/arkanus-app/rpg-dice-roller/go/math_transcendental.go:56.28,58.3 1 422
github.com/arkanus-app/rpg-dice-roller/go/math_transcendental.go:59.2,61.16 3 1047
github.com/arkanus-app/rpg-dice-roller/go/math_transcendental.go:61.16,63.3 1 1037
github.com/arkanus-app/rpg-dice-roller/go/math_transcendental.go:63.8,65.3 1 10
github.com/arkanus-app/rpg-dice-roller/go/math_transcendental.go:66.2,67.12 2 1047
github.com/arkanus-app/rpg-dice-roller/go/math_transcendental.go:67.12,69.3 1 76
github.com/arkanus-app/rpg-dice-roller/go/math_transcendental.go:70.2,71.16 2 971
github.com/arkanus-app/rpg-dice-roller/go/math_transcendental.go:71.16,72.16 1 961
github.com/arkanus-app/rpg-dice-roller/go/math_transcendental.go:72.16,74.4 1 3
github.com/arkanus-app/rpg-dice-roller/go/math_transcendental.go:75.3,75.19 1 958
github.com/arkanus-app/rpg-dice-roller/go/math_transcendental.go:77.2,77.30 1 10
github.com/arkanus-app/rpg-dice-roller/go/math_transcendental.go:80.31,94.21 4 2025
github.com/arkanus-app/rpg-dice-roller/go/math_transcendental.go:94.21,95.13 1 848
github.com/arkanus-app/rpg-dice-roller/go/math_transcendental.go:95.13,97.4 1 3
github.com/arkanus-app/rpg-dice-roller/go/math_transcendental.go:98.3,98.13 1 845
github.com/arkanus-app/rpg-dice-roller/go/math_transcendental.go:98.13,100.4 1 810
github.com/arkanus-app/rpg-dice-roller/go/math_transcendental.go:101.3,103.17 3 35
github.com/arkanus-app/rpg-dice-roller/go/math_transcendental.go:105.2,105.22 1 1212
github.com/arkanus-app/rpg-dice-roller/go/math_transcendental.go:105.22,107.3 1 5
github.com/arkanus-app/rpg-dice-roller/go/math_transcendental.go:108.2,114.33 7 1207
github.com/arkanus-app/rpg-dice-roller/go/math_transcendental.go:114.33,115.13 1 150
github.com/arkanus-app/rpg-dice-roller/go/math_transcendental.go:115.13,116.14 1 52
github.com/arkanus-app/rpg-dice-roller/go/math_transcendental.go:116.14,118.5 1 3
github.com/arkanus-app/rpg-dice-roller/go/math_transcendental.go:119.4,120.30 2 49
github.com/arkanus-app/rpg-dice-roller/go/math_transcendental.go:122.3,123.13 2 98
github.com/arkanus-app/rpg-dice-roller/go/math_transcendental.go:123.13,125.4 1 4
github.com/arkanus-app/rpg-dice-roller/go/math_transcendental.go:126.3,127.41 2 94
github.com/arkanus-app/rpg-dice-roller/go/math_transcendental.go:129.2,139.11 11 1057
github.com/arkanus-app/rpg-dice-roller/go/math_transcendental.go:139.11,141.13 2 64
github.com/arkanus-app/rpg-dice-roller/go/math_transcendental.go:141.13,143.4 1 5
github.com/arkanus-app/rpg-dice-roller/go/math_transcendental.go:144.3,144.59 1 59
github.com/arkanus-app/rpg-dice-roller/go/math_transcendental.go:146.2,146.12 1 993
github.com/arkanus-app/rpg-dice-roller/go/math_transcendental.go:146.12,148.3 1 18
github.com/arkanus-app/rpg-dice-roller/go/math_transcendental.go:149.2,149.46 1 975
github.com/arkanus-app/rpg-dice-roller/go/math_trig.go:13.30,13.73 1 34350
github.com/arkanus-app/rpg-dice-roller/go/math_trig.go:14.48,16.2 1 11294
github.com/arkanus-app/rpg-dice-roller/go/math_trig.go:17.36,19.2 1 13018
github.com/arkanus-app/rpg-dice-roller/go/math_trig.go:43.54,55.22 4 4481
github.com/arkanus-app/rpg-dice-roller/go/math_trig.go:55.22,57.3 1 4
github.com/arkanus-app/rpg-dice-roller/go/math_trig.go:58.2,58.21 1 4477
github.com/arkanus-app/rpg-dice-roller/go/math_trig.go:58.21,59.13 1 183
github.com/arkanus-app/rpg-dice-roller/go/math_trig.go:59.13,61.24 2 108
github.com/arkanus-app/rpg-dice-roller/go/math_trig.go:61.24,64.5 2 93
github.com/arkanus-app/rpg-dice-roller/go/math_trig.go:65.4,67.34 3 15
github.com/arkanus-app/rpg-dice-roller/go/math_trig.go:69.3,70.23 2 75
github.com/arkanus-app/rpg-dice-roller/go/math_trig.go:70.23,73.4 2 60
github.com/arkanus-app/rpg-dice-roller/go/math_trig.go:74.3,76.34 3 15
github.com/arkanus-app/rpg-dice-roller/go/math_trig.go:78.2,78.22 1 4294
github.com/arkanus-app/rpg-dice-roller/go/math_trig.go:78.22,85.43 7 2856
github.com/arkanus-app/rpg-dice-roller/go/math_trig.go:85.43,88.14 3 2064
github.com/arkanus-app/rpg-dice-roller/go/math_trig.go:88.14,95.15 7 1248
github.com/arkanus-app/rpg-dice-roller/go/math_trig.go:95.15,101.6 5 1206
github.com/arkanus-app/rpg-dice-roller/go/math_trig.go:104.3,105.13 2 2856
github.com/arkanus-app/rpg-dice-roller/go/math_trig.go:105.13,107.4 1 1359
github.com/arkanus-app/rpg-dice-roller/go/math_trig.go:108.3,108.19 1 1497
github.com/arkanus-app/rpg-dice-roller/go/math_trig.go:110.2,110.22 1 1438
github.com/arkanus-app/rpg-dice-roller/go/math_trig.go:110.22,112.3 1 3
github.com/arkanus-app/rpg-dice-roller/go/math_trig.go:113.2,116.25 4 1435
github.com/arkanus-app/rpg-dice-roller/go/math_trig.go:116.25,119.3 2 2870
github.com/arkanus-app/rpg-dice-roller/go/math_trig.go:120.2,122.20 3 1435
github.com/arkanus-app/rpg-dice-roller/go/math_trig.go:122.20,124.3 1 327
github.com/arkanus-app/rpg-dice-roller/go/math_trig.go:125.2,126.12 2 1435
github.com/arkanus-app/rpg-dice-roller/go/math_trig.go:126.12,128.3 1 477
github.com/arkanus-app/rpg-dice-roller/go/math_trig.go:129.2,129.18 1 958
github.com/arkanus-app/rpg-dice-roller/go/math_trig.go:134.69,141.12 5 1437
github.com/arkanus-app/rpg-dice-roller/go/math_trig.go:141.12,143.3 1 2
github.com/arkanus-app/rpg-dice-roller/go/math_trig.go:144.2,148.30 5 1437
github.com/arkanus-app/rpg-dice-roller/go/math_trig.go:148.30,149.13 1 9732
github.com/arkanus-app/rpg-dice-roller/go/math_trig.go:149.13,151.4 1 9446
github.com/arkanus-app/rpg-dice-roller/go/math_trig.go:152.3,152.6 1 9732
github.com/arkanus-app/rpg-dice-roller/go/math_trig.go:154.2,154.27 1 1437
github.com/arkanus-app/rpg-dice-roller/go/math_trig.go:154.27,155.28 1 7185
github.com/arkanus-app/rpg-dice-roller/go/math_trig.go:155.28,157.4 1 19920
github.com/arkanus-app/rpg-dice-roller/go/math_trig.go:159.2,162.6 4 1437
github.com/arkanus-app/rpg-dice-roller/go/math_trig.go:162.6,164.45 2 1682
github.com/arkanus-app/rpg-dice-roller/go/math_trig.go:164.45,168.4 3 6974
github.com/arkanus-app/rpg-dice-roller/go/math_trig.go:169.3,174.13 6 1682
github.com/arkanus-app/rpg-dice-roller/go/math_trig.go:174.13,179.4 4 180
github.com/arkanus-app/rpg-dice-roller/go/math_trig.go:179.9,179.21 1 1502
github.com/arkanus-app/rpg-dice-roller/go/math_trig.go:179.21,181.4 1 72
github.com/arkanus-app/rpg-dice-roller/go/math_trig.go:181.9,181.22 1 1430
github.com/arkanus-app/rpg-dice-roller/go/math_trig.go:181.22,183.4 1 698
github.com/arkanus-app/rpg-dice-roller/go/math_trig.go:184.3,184.13 1 1682
github.com/arkanus-app/rpg-dice-roller/go/math_trig.go:184.13,187.28 3 794
github.com/arkanus-app/rpg-dice-roller/go/math_trig.go:187.28,189.19 2 3287
github.com/arkanus-app/rpg-dice-roller/go/math_trig.go:189.19,190.16 1 824
github.com/arkanus-app/rpg-dice-roller/go/math_trig.go:190.16,193.7 2 794
github.com/arkanus-app/rpg-dice-roller/go/math_trig.go:194.11,196.6 1 2463
github.com/arkanus-app/rpg-dice-roller/go/math_trig.go:198.4,198.14 1 794
github.com/arkanus-app/rpg-dice-roller/go/math_trig.go:198.14,200.5 1 72
github.com/arkanus-app/rpg-dice-roller/go/math_trig.go:201.4,201.15 1 794
github.com/arkanus-app/rpg-dice-roller/go/math_trig.go:201.15,203.19 2 698
github.com/arkanus-app/rpg-dice-roller/go/math_trig.go:203.19,205.6 1 698
github.com/arkanus-app/rpg-dice-roller/go/math_trig.go:208.3,208.13 1 1682
github.com/arkanus-app/rpg-dice-roller/go/math_trig.go:208.13,210.34 2 490
github.com/arkanus-app/rpg-dice-roller/go/math_trig.go:210.34,212.5 1 246
github.com/arkanus-app/rpg-dice-roller/go/math_trig.go:213.4,213.14 1 490
github.com/arkanus-app/rpg-dice-roller/go/math_trig.go:213.14,215.34 2 245
github.com/arkanus-app/rpg-dice-roller/go/math_trig.go:215.34,217.6 1 1
github.com/arkanus-app/rpg-dice-roller/go/math_trig.go:218.5,218.37 1 245
github.com/arkanus-app/rpg-dice-roller/go/math_trig.go:218.37,221.31 3 246
github.com/arkanus-app/rpg-dice-roller/go/math_trig.go:221.31,223.7 1 726
github.com/arkanus-app/rpg-dice-roller/go/math_trig.go:224.6,224.15 1 246
github.com/arkanus-app/rpg-dice-roller/go/math_trig.go:226.5,227.13 2 245
github.com/arkanus-app/rpg-dice-roller/go/math_trig.go:230.3,230.8 1 1437
github.com/arkanus-app/rpg-dice-roller/go/math_trig.go:232.2,232.12 1 1437
github.com/arkanus-app/rpg-dice-roller/go/math_trig.go:232.12,235.19 3 245
github.com/arkanus-app/rpg-dice-roller/go/math_trig.go:235.19,238.4 2 1
github.com/arkanus-app/rpg-dice-roller/go/math_trig.go:239.8,241.18 2 1192
github.com/arkanus-app/rpg-dice-roller/go/math_trig.go:241.18,247.4 5 18
github.com/arkanus-app/rpg-dice-roller/go/math_trig.go:247.9,249.4 1 1174
github.com/arkanus-app/rpg-dice-roller/go/math_trig.go:251.2,252.27 2 1437
github.com/arkanus-app/rpg-dice-roller/go/math_trig.go:252.27,255.3 2 7203
github.com/arkanus-app/rpg-dice-roller/go/math_trig.go:256.2,256.27 1 1437
github.com/arkanus-app/rpg-dice-roller/go/math_trig.go:256.27,258.41 2 7203
github.com/arkanus-app/rpg-dice-roller/go/math_trig.go:258.41,260.4 1 21645
github.com/arkanus-app/rpg-dice-roller/go/math_trig.go:261.3,261.16 1 7203
github.com/arkanus-app/rpg-dice-roller/go/math_trig.go:263.2,264.27 2 1437
github.com/arkanus-app/rpg-dice-roller/go/math_trig.go:264.27,266.3 1 7203
github.com/arkanus-app/rpg-dice-roller/go/math_trig.go:267.2,269.27 3 1437
github.com/arkanus-app/rpg-dice-roller/go/math_trig.go:269.27,271.3 1 5766
github.com/arkanus-app/rpg-dice-roller/go/math_trig.go:272.2,273.13 2 1437
github.com/arkanus-app/rpg-dice-roller/go/math_trig.go:273.13,276.3 2 684
github.com/arkanus-app/rpg-dice-roller/go/math_trig.go:277.2,277.22 1 1437
github.com/arkanus-app/rpg-dice-roller/go/math_trig.go:280.51,289.39 2 2003
github.com/arkanus-app/rpg-dice-roller/go/math_trig.go:289.39,291.3 1 859
github.com/arkanus-app/rpg-dice-roller/go/math_trig.go:292.2,295.11 4 1144
github.com/arkanus-app/rpg-dice-roller/go/math_trig.go:295.11,297.3 1 77
github.com/arkanus-app/rpg-dice-roller/go/math_trig.go:298.2,298.41 1 1067
github.com/arkanus-app/rpg-dice-roller/go/math_trig.go:301.40,311.21 3 2018
github.com/arkanus-app/rpg-dice-roller/go/math_trig.go:311.21,313.3 1 861
github.com/arkanus-app/rpg-dice-roller/go/math_trig.go:314.2,316.21 3 1157
github.com/arkanus-app/rpg-dice-roller/go/math_trig.go:316.21,318.3 1 462
github.com/arkanus-app/rpg-dice-roller/go/math_trig.go:319.2,320.22 2 695
github.com/arkanus-app/rpg-dice-roller/go/math_trig.go:320.22,322.3 1 679
github.com/arkanus-app/rpg-dice-roller/go/math_trig.go:323.2,325.31 3 695
github.com/arkanus-app/rpg-dice-roller/go/math_trig.go:328.48,336.21 4 2011
github.com/arkanus-app/rpg-dice-roller/go/math_trig.go:336.21,337.25 1 838
github.com/arkanus-app/rpg-dice-roller/go/math_trig.go:337.25,339.4 1 2
github.com/arkanus-app/rpg-dice-roller/go/math_trig.go:340.3,340.14 1 836
github.com/arkanus-app/rpg-dice-roller/go/math_trig.go:340.14,342.4 1 636
github.com/arkanus-app/rpg-dice-roller/go/math_trig.go:343.3,349.25 7 200
github.com/arkanus-app/rpg-dice-roller/go/math_trig.go:351.2,351.22 1 1173
github.com/arkanus-app/rpg-dice-roller/go/math_trig.go:351.22,352.13 1 179
github.com/arkanus-app/rpg-dice-roller/go/math_trig.go:352.13,355.4 2 83
github.com/arkanus-app/rpg-dice-roller/go/math_trig.go:356.3,359.8 4 179
github.com/arkanus-app/rpg-dice-roller/go/math_trig.go:361.2,369.22 9 1173
github.com/arkanus-app/rpg-dice-roller/go/math_trig.go:369.22,372.3 2 179
github.com/arkanus-app/rpg-dice-roller/go/math_trig.go:373.2,373.13 1 994
github.com/arkanus-app/rpg-dice-roller/go/math_trig.go:373.13,375.3 1 534
github.com/arkanus-app/rpg-dice-roller/go/math_trig.go:376.2,381.24 6 460
github.com/arkanus-app/rpg-dice-roller/go/math_trig.go:384.31,386.22 2 2017
github.com/arkanus-app/rpg-dice-roller/go/math_trig.go:386.22,388.3 1 518
github.com/arkanus-app/rpg-dice-roller/go/math_trig.go:389.2,389.22 1 1499
github.com/arkanus-app/rpg-dice-roller/go/math_trig.go:389.22,391.3 1 7
github.com/arkanus-app/rpg-dice-roller/go/math_trig.go:392.2,393.15 2 1492
github.com/arkanus-app/rpg-dice-roller/go/math_trig.go:394.9,395.35 1 412
github.com/arkanus-app/rpg-dice-roller/go/math_trig.go:396.9,397.29 1 399
github.com/arkanus-app/rpg-dice-roller/go/math_trig.go:398.9,399.36 1 319
github.com/arkanus-app/rpg-dice-roller/go/math_trig.go:400.10,401.30 1 362
github.com/arkanus-app/rpg-dice-roller/go/math_trig.go:405.31,407.22 2 2018
github.com/arkanus-app/rpg-dice-roller/go/math_trig.go:407.22,409.3 1 520
github.com/arkanus-app/rpg-dice-roller/go/math_trig.go:410.2,410.22 1 1498
github.com/arkanus-app/rpg-dice-roller/go/math_trig.go:410.22,412.3 1 7
github.com/arkanus-app/rpg-dice-roller/go/math_trig.go:413.2,414.15 2 1491
github.com/arkanus-app/rpg-dice-roller/go/math_trig.go:415.9,416.29 1 415
github.com/arkanus-app/rpg-dice-roller/go/math_trig.go:417.9,418.36 1 394
github.com/arkanus-app/rpg-dice-roller/go/math_trig.go:419.9,420.30 1 322
github.com/arkanus-app/rpg-dice-roller/go/math_trig.go:421.10,422.35 1 360
github.com/arkanus-app/rpg-dice-roller/go/math_trig.go:426.31,428.22 2 2016
github.com/arkanus-app/rpg-dice-roller/go/math_trig.go:428.22,430.3 1 518
github.com/arkanus-app/rpg-dice-roller/go/math_trig.go:431.2,431.22 1 1498
github.com/arkanus-app/rpg-dice-roller/go/math_trig.go:431.22,433.3 1 7
github.com/arkanus-app/rpg-dice-roller/go/math_trig.go:434.2,435.42 2 1491
github.com/arkanus-app/rpg-dice-roller/go/normalization.go:22.36,22.104 1 3457
github.com/arkanus-app/rpg-dice-roller/go/normalization.go:23.35,24.26 1 22894
github.com/arkanus-app/rpg-dice-roller/go/normalization.go:24.26,26.3 1 190
github.com/arkanus-app/rpg-dice-roller/go/normalization.go:27.2,27.10 1 22704
github.com/arkanus-app/rpg-dice-roller/go/normalization.go:29.46,29.101 1 219
github.com/arkanus-app/rpg-dice-roller/go/normalization.go:30.65,31.53 1 91
github.com/arkanus-app/rpg-dice-roller/go/normalization.go:31.53,33.27 2 515
github.com/arkanus-app/rpg-dice-roller/go/normalization.go:33.27,34.41 1 523
github.com/arkanus-app/rpg-dice-roller/go/normalization.go:34.41,36.10 2 440
github.com/arkanus-app/rpg-dice-roller/go/normalization.go:39.3,39.12 1 515
github.com/arkanus-app/rpg-dice-roller/go/normalization.go:39.12,41.4 1 75
github.com/arkanus-app/rpg-dice-roller/go/normalization.go:43.2,43.11 1 16
github.com/arkanus-app/rpg-dice-roller/go/normalization.go:45.51,46.38 1 84
github.com/arkanus-app/rpg-dice-roller/go/normalization.go:46.38,48.59 2 481
github.com/arkanus-app/rpg-dice-roller/go/normalization.go:48.59,50.4 1 17
github.com/arkanus-app/rpg-dice-roller/go/normalization.go:52.2,52.19 1 67
github.com/arkanus-app/rpg-dice-roller/go/normalization.go:54.41,55.17 1 485
github.com/arkanus-app/rpg-dice-roller/go/normalization.go:55.17,57.3 1 9
github.com/arkanus-app/rpg-dice-roller/go/normalization.go:58.2,58.23 1 476
github.com/arkanus-app/rpg-dice-roller/go/normalization.go:58.23,59.39 1 3172
github.com/arkanus-app/rpg-dice-roller/go/normalization.go:59.39,61.4 1 84
github.com/arkanus-app/rpg-dice-roller/go/normalization.go:63.2,63.13 1 392
github.com/arkanus-app/rpg-dice-roller/go/normalization.go:65.55,68.2 2 17
github.com/arkanus-app/rpg-dice-roller/go/normalization.go:69.56,74.40 5 2765
github.com/arkanus-app/rpg-dice-roller/go/normalization.go:74.40,76.23 2 167
github.com/arkanus-app/rpg-dice-roller/go/normalization.go:76.23,78.4 1 167
github.com/arkanus-app/rpg-dice-roller/go/normalization.go:80.2,80.40 1 2765
github.com/arkanus-app/rpg-dice-roller/go/normalization.go:80.40,82.30 2 28918
github.com/arkanus-app/rpg-dice-roller/go/normalization.go:82.30,85.15 3 16
github.com/arkanus-app/rpg-dice-roller/go/normalization.go:85.15,87.5 1 8
github.com/arkanus-app/rpg-dice-roller/go/normalization.go:88.4,89.15 2 16
github.com/arkanus-app/rpg-dice-roller/go/normalization.go:89.15,91.5 1 8
github.com/arkanus-app/rpg-dice-roller/go/normalization.go:91.10,93.5 1 8
github.com/arkanus-app/rpg-dice-roller/go/normalization.go:94.4,94.12 1 16
github.com/arkanus-app/rpg-dice-roller/go/normalization.go:96.3,96.30 1 28902
github.com/arkanus-app/rpg-dice-roller/go/normalization.go:96.30,100.12 4 33
github.com/arkanus-app/rpg-dice-roller/go/normalization.go:102.3,102.15 1 28869
github.com/arkanus-app/rpg-dice-roller/go/normalization.go:102.15,105.15 3 75
github.com/arkanus-app/rpg-dice-roller/go/normalization.go:105.15,107.5 1 8
github.com/arkanus-app/rpg-dice-roller/go/normalization.go:108.4,108.38 1 75
github.com/arkanus-app/rpg-dice-roller/go/normalization.go:108.38,110.52 2 17
github.com/arkanus-app/rpg-dice-roller/go/normalization.go:110.52,112.6 1 9
github.com/arkanus-app/rpg-dice-roller/go/normalization.go:113.5,114.90 2 17
github.com/arkanus-app/rpg-dice-roller/go/normalization.go:114.90,117.14 3 8
github.com/arkanus-app/rpg-dice-roller/go/normalization.go:120.4,121.15 2 67
github.com/arkanus-app/rpg-dice-roller/go/normalization.go:121.15,123.5 1 8
github.com/arkanus-app/rpg-dice-roller/go/normalization.go:123.10,125.5 1 59
github.com/arkanus-app/rpg-dice-roller/go/normalization.go:126.4,126.12 1 67
github.com/arkanus-app/rpg-dice-roller/go/normalization.go:128.3,128.15 1 28794
github.com/arkanus-app/rpg-dice-roller/go/normalization.go:128.15,132.16 4 284
github.com/arkanus-app/rpg-dice-roller/go/normalization.go:132.16,135.5 2 93
github.com/arkanus-app/rpg-dice-roller/go/normalization.go:136.4,136.51 1 284
github.com/arkanus-app/rpg-dice-roller/go/normalization.go:136.51,137.20 1 233
github.com/arkanus-app/rpg-dice-roller/go/normalization.go:137.20,139.6 1 42
github.com/arkanus-app/rpg-dice-roller/go/normalization.go:140.5,143.13 4 233
github.com/arkanus-app/rpg-dice-roller/go/normalization.go:145.4,148.12 4 51
github.com/arkanus-app/rpg-dice-roller/go/normalization.go:150.3,150.27 1 28510
github.com/arkanus-app/rpg-dice-roller/go/normalization.go:150.27,152.4 1 28128
github.com/arkanus-app/rpg-dice-roller/go/normalization.go:153.3,153.11 1 28510
github.com/arkanus-app/rpg-dice-roller/go/normalization.go:155.2,155.116 1 2765
github.com/arkanus-app/rpg-dice-roller/go/normalization.go:157.91,159.54 2 11895
github.com/arkanus-app/rpg-dice-roller/go/normalization.go:159.54,161.3 1 18832
github.com/arkanus-app/rpg-dice-roller/go/normalization.go:162.2,162.51 1 11895
github.com/arkanus-app/rpg-dice-roller/go/normalization.go:164.68,166.14 2 2960
github.com/arkanus-app/rpg-dice-roller/go/normalization.go:166.14,168.3 1 40
github.com/arkanus-app/rpg-dice-roller/go/normalization.go:169.2,169.14 1 2920
github.com/arkanus-app/rpg-dice-roller/go/normalization.go:169.14,171.3 1 37
github.com/arkanus-app/rpg-dice-roller/go/normalization.go:172.2,172.27 1 2883
github.com/arkanus-app/rpg-dice-roller/go/normalization.go:172.27,174.120 2 69
github.com/arkanus-app/rpg-dice-roller/go/normalization.go:174.120,176.4 1 40
github.com/arkanus-app/rpg-dice-roller/go/normalization.go:177.3,177.21 1 29
github.com/arkanus-app/rpg-dice-roller/go/normalization.go:179.2,179.20 1 2814
github.com/arkanus-app/rpg-dice-roller/go/normalization.go:179.20,181.3 1 2773
github.com/arkanus-app/rpg-dice-roller/go/normalization.go:182.2,182.20 1 41
github.com/arkanus-app/rpg-dice-roller/go/normalization.go:184.61,186.77 2 2530
github.com/arkanus-app/rpg-dice-roller/go/normalization.go:186.77,188.3 1 18
github.com/arkanus-app/rpg-dice-roller/go/normalization.go:189.2,189.89 1 2512
github.com/arkanus-app/rpg-dice-roller/go/normalization.go:189.89,190.24 1 20
github.com/arkanus-app/rpg-dice-roller/go/normalization.go:190.24,192.4 1 18
github.com/arkanus-app/rpg-dice-roller/go/normalization.go:193.3,193.13 1 2
github.com/arkanus-app/rpg-dice-roller/go/normalization.go:195.2,195.15 1 2492
github.com/arkanus-app/rpg-dice-roller/go/normalization.go:196.12,197.24 1 19
github.com/arkanus-app/rpg-dice-roller/go/normalization.go:197.24,199.4 1 1
github.com/arkanus-app/rpg-dice-roller/go/normalization.go:200.3,200.15 1 18
github.com/arkanus-app/rpg-dice-roller/go/normalization.go:201.23,202.24 1 330
github.com/arkanus-app/rpg-dice-roller/go/normalization.go:202.24,204.4 1 327
github.com/arkanus-app/rpg-dice-roller/go/normalization.go:205.3,205.21 1 3
github.com/arkanus-app/rpg-dice-roller/go/normalization.go:207.2,207.14 1 2143
github.com/arkanus-app/rpg-dice-roller/go/normalization.go:209.54,212.41 3 2765
github.com/arkanus-app/rpg-dice-roller/go/normalization.go:212.41,214.21 2 15575
github.com/arkanus-app/rpg-dice-roller/go/normalization.go:214.21,217.172 3 6592
github.com/arkanus-app/rpg-dice-roller/go/normalization.go:217.172,220.19 3 2735
github.com/arkanus-app/rpg-dice-roller/go/normalization.go:220.19,222.6 1 10
github.com/arkanus-app/rpg-dice-roller/go/normalization.go:222.11,224.6 1 2725
github.com/arkanus-app/rpg-dice-roller/go/normalization.go:225.5,226.13 2 2735
github.com/arkanus-app/rpg-dice-roller/go/normalization.go:228.4,228.107 1 3857
github.com/arkanus-app/rpg-dice-roller/go/normalization.go:228.107,231.13 3 9
github.com/arkanus-app/rpg-dice-roller/go/normalization.go:233.4,235.12 3 3848
github.com/arkanus-app/rpg-dice-roller/go/normalization.go:237.3,237.28 1 8983
github.com/arkanus-app/rpg-dice-roller/go/normalization.go:237.28,239.105 2 458
github.com/arkanus-app/rpg-dice-roller/go/normalization.go:239.105,243.13 4 225
github.com/arkanus-app/rpg-dice-roller/go/normalization.go:246.3,246.21 1 8758
github.com/arkanus-app/rpg-dice-roller/go/normalization.go:246.21,250.12 4 2530
github.com/arkanus-app/rpg-dice-roller/go/normalization.go:253.3,253.117 1 6228
github.com/arkanus-app/rpg-dice-roller/go/normalization.go:253.117,256.4 2 4
github.com/arkanus-app/rpg-dice-roller/go/normalization.go:256.9,259.4 2 6224
github.com/arkanus-app/rpg-dice-roller/go/normalization.go:261.2,261.24 1 2765
github.com/arkanus-app/rpg-dice-roller/go/normalization.go:269.56,274.2 4 2765
github.com/arkanus-app/rpg-dice-roller/go/normalization.go:275.55,277.6 2 2765
github.com/arkanus-app/rpg-dice-roller/go/normalization.go:277.6,283.29 6 2765
github.com/arkanus-app/rpg-dice-roller/go/normalization.go:283.29,284.9 1 2765
github.com/arkanus-app/rpg-dice-roller/go/normalization.go:287.2,287.78 1 2765
github.com/arkanus-app/rpg-dice-roller/go/normalization.go:287.78,289.3 1 26
github.com/arkanus-app/rpg-dice-roller/go/normalization.go:290.2,290.19 1 2765
github.com/arkanus-app/rpg-dice-roller/go/normalization.go:292.58,294.2 1 2765
github.com/arkanus-app/rpg-dice-roller/go/normalization.go:297.52,297.104 1 262
github.com/arkanus-app/rpg-dice-roller/go/normalization.go:298.52,298.94 1 86
github.com/arkanus-app/rpg-dice-roller/go/normalization.go:301.65,307.102 6 2503
github.com/arkanus-app/rpg-dice-roller/go/normalization.go:307.102,311.3 3 201
github.com/arkanus-app/rpg-dice-roller/go/normalization.go:312.2,312.158 1 2503
github.com/arkanus-app/rpg-dice-roller/go/normalization.go:314.61,314.103 1 78
github.com/arkanus-app/rpg-dice-roller/go/parser.go:18.44,19.14 1 579
github.com/arkanus-app/rpg-dice-roller/go/parser.go:20.90,21.14 1 440
github.com/arkanus-app/rpg-dice-roller/go/parser.go:23.2,23.14 1 139
github.com/arkanus-app/rpg-dice-roller/go/parser.go:25.45,25.103 1 71
github.com/arkanus-app/rpg-dice-roller/go/parser.go:26.56,28.2 1 7113
github.com/arkanus-app/rpg-dice-roller/go/parser.go:29.69,31.2 1 8953
github.com/arkanus-app/rpg-dice-roller/go/parser.go:32.65,34.2 1 1901
github.com/arkanus-app/rpg-dice-roller/go/parser.go:35.44,37.2 1 9035
github.com/arkanus-app/rpg-dice-roller/go/parser.go:38.47,38.97 1 790
github.com/arkanus-app/rpg-dice-roller/go/parser.go:50.64,51.30 1 2392
github.com/arkanus-app/rpg-dice-roller/go/parser.go:51.30,52.45 1 172
github.com/arkanus-app/rpg-dice-roller/go/parser.go:52.45,54.4 1 171
github.com/arkanus-app/rpg-dice-roller/go/parser.go:54.9,55.12 1 1
github.com/arkanus-app/rpg-dice-roller/go/parser.go:63.100,66.21 3 2390
github.com/arkanus-app/rpg-dice-roller/go/parser.go:66.21,68.3 1 2238
github.com/arkanus-app/rpg-dice-roller/go/parser.go:69.2,70.16 2 2390
github.com/arkanus-app/rpg-dice-roller/go/parser.go:70.16,72.3 1 50
github.com/arkanus-app/rpg-dice-roller/go/parser.go:73.2,74.17 2 2340
github.com/arkanus-app/rpg-dice-roller/go/parser.go:74.17,76.3 1 2
github.com/arkanus-app/rpg-dice-roller/go/parser.go:77.2,78.67 2 2338
github.com/arkanus-app/rpg-dice-roller/go/parser.go:78.67,80.3 1 59
github.com/arkanus-app/rpg-dice-roller/go/parser.go:81.2,82.28 2 2201
github.com/arkanus-app/rpg-dice-roller/go/parser.go:82.28,84.3 1 14
github.com/arkanus-app/rpg-dice-roller/go/parser.go:85.2,86.18 2 2187
github.com/arkanus-app/rpg-dice-roller/go/parser.go:90.78,91.76 1 13
github.com/arkanus-app/rpg-dice-roller/go/parser.go:91.76,93.3 1 1
github.com/arkanus-app/rpg-dice-roller/go/parser.go:94.2,94.111 1 12
github.com/arkanus-app/rpg-dice-roller/go/parser.go:97.65,99.21 2 76971
github.com/arkanus-app/rpg-dice-roller/go/parser.go:99.21,101.3 1 50
github.com/arkanus-app/rpg-dice-roller/go/parser.go:102.2,102.24 1 76971
github.com/arkanus-app/rpg-dice-roller/go/parser.go:102.24,104.3 1 2
github.com/arkanus-app/rpg-dice-roller/go/parser.go:105.2,105.20 1 76969
github.com/arkanus-app/rpg-dice-roller/go/parser.go:107.52,107.102 3 18594
github.com/arkanus-app/rpg-dice-roller/go/parser.go:108.92,109.55 1 147
github.com/arkanus-app/rpg-dice-roller/go/parser.go:111.91,113.28 2 23
github.com/arkanus-app/rpg-dice-roller/go/parser.go:113.28,115.3 1 7
github.com/arkanus-app/rpg-dice-roller/go/parser.go:116.2,118.12 3 23
github.com/arkanus-app/rpg-dice-roller/go/parser.go:129.46,130.25 1 17
github.com/arkanus-app/rpg-dice-roller/go/parser.go:130.25,132.3 1 7
github.com/arkanus-app/rpg-dice-roller/go/parser.go:133.2,133.23 1 10
github.com/arkanus-app/rpg-dice-roller/go/parser.go:133.23,135.3 1 3
github.com/arkanus-app/rpg-dice-roller/go/parser.go:136.2,136.23 1 7
github.com/arkanus-app/rpg-dice-roller/go/parser.go:138.69,140.36 2 23564
github.com/arkanus-app/rpg-dice-roller/go/parser.go:140.36,141.18 1 13583
github.com/arkanus-app/rpg-dice-roller/go/parser.go:141.18,143.4 1 13583
github.com/arkanus-app/rpg-dice-roller/go/parser.go:145.2,145.45 1 23564
github.com/arkanus-app/rpg-dice-roller/go/parser.go:145.45,146.18 1 2490
github.com/arkanus-app/rpg-dice-roller/go/parser.go:146.18,148.4 1 1371
github.com/arkanus-app/rpg-dice-roller/go/parser.go:150.2,150.33 1 23564
github.com/arkanus-app/rpg-dice-roller/go/parser.go:150.33,151.17 1 17698
github.com/arkanus-app/rpg-dice-roller/go/parser.go:152.16,153.18 1 115
github.com/arkanus-app/rpg-dice-roller/go/parser.go:154.17,156.16 2 1538
github.com/arkanus-app/rpg-dice-roller/go/parser.go:157.24,158.21 1 302
github.com/arkanus-app/rpg-dice-roller/go/parser.go:159.19,160.37 1 463
github.com/arkanus-app/rpg-dice-roller/go/parser.go:160.37,162.5 1 576
github.com/arkanus-app/rpg-dice-roller/go/parser.go:163.15,165.32 2 4452
github.com/arkanus-app/rpg-dice-roller/go/parser.go:165.32,167.5 1 4300
github.com/arkanus-app/rpg-dice-roller/go/parser.go:168.4,168.41 1 4452
github.com/arkanus-app/rpg-dice-roller/go/parser.go:168.41,170.5 1 4130
github.com/arkanus-app/rpg-dice-roller/go/parser.go:171.16,172.39 1 365
github.com/arkanus-app/rpg-dice-roller/go/parser.go:172.39,174.5 1 762
github.com/arkanus-app/rpg-dice-roller/go/parser.go:175.4,175.41 1 365
github.com/arkanus-app/rpg-dice-roller/go/parser.go:175.41,177.5 1 376
github.com/arkanus-app/rpg-dice-roller/go/parser.go:179.8,179.38 1 5866
github.com/arkanus-app/rpg-dice-roller/go/parser.go:179.38,180.17 1 4503
github.com/arkanus-app/rpg-dice-roller/go/parser.go:181.78,182.25 1 2004
github.com/arkanus-app/rpg-dice-roller/go/parser.go:183.17,185.25 2 243
github.com/arkanus-app/rpg-dice-roller/go/parser.go:188.2,188.17 1 23564
github.com/arkanus-app/rpg-dice-roller/go/parser.go:190.69,197.23 4 2187
github.com/arkanus-app/rpg-dice-roller/go/parser.go:197.23,201.32 4 12240
github.com/arkanus-app/rpg-dice-roller/go/parser.go:201.32,203.4 1 16
github.com/arkanus-app/rpg-dice-roller/go/parser.go:204.3,204.40 1 12224
github.com/arkanus-app/rpg-dice-roller/go/parser.go:204.40,206.4 1 1
github.com/arkanus-app/rpg-dice-roller/go/parser.go:207.3,208.43 2 12223
github.com/arkanus-app/rpg-dice-roller/go/parser.go:208.43,210.4 1 10118
github.com/arkanus-app/rpg-dice-roller/go/parser.go:213.127,215.37 2 59
github.com/arkanus-app/rpg-dice-roller/go/parser.go:215.37,216.64 1 59
github.com/arkanus-app/rpg-dice-roller/go/parser.go:216.64,218.9 2 52
github.com/arkanus-app/rpg-dice-roller/go/parser.go:221.2,221.13 1 59
github.com/arkanus-app/rpg-dice-roller/go/parser.go:221.13,223.3 1 7
github.com/arkanus-app/rpg-dice-roller/go/parser.go:224.2,226.23 3 52
github.com/arkanus-app/rpg-dice-roller/go/parser.go:226.23,229.63 3 301
github.com/arkanus-app/rpg-dice-roller/go/parser.go:229.63,231.4 1 59
github.com/arkanus-app/rpg-dice-roller/go/parser.go:232.3,232.60 1 301
github.com/arkanus-app/rpg-dice-roller/go/parser.go:234.2,235.20 2 52
github.com/arkanus-app/rpg-dice-roller/go/parser.go:235.20,237.3 1 15
github.com/arkanus-app/rpg-dice-roller/go/parser.go:238.2,242.14 5 37
github.com/arkanus-app/rpg-dice-roller/go/parser.go:244.72,246.24 2 13520
github.com/arkanus-app/rpg-dice-roller/go/parser.go:246.24,248.3 1 25
github.com/arkanus-app/rpg-dice-roller/go/parser.go:249.2,249.20 1 13495
github.com/arkanus-app/rpg-dice-roller/go/parser.go:251.77,254.2 2 7359
github.com/arkanus-app/rpg-dice-roller/go/parser.go:255.85,257.42 2 4475
github.com/arkanus-app/rpg-dice-roller/go/parser.go:257.42,259.3 1 6
github.com/arkanus-app/rpg-dice-roller/go/parser.go:260.2,260.15 1 4469
github.com/arkanus-app/rpg-dice-roller/go/parser.go:260.15,260.37 1 4469
github.com/arkanus-app/rpg-dice-roller/go/parser.go:261.2,262.6 2 4469
github.com/arkanus-app/rpg-dice-roller/go/parser.go:262.6,264.31 2 5382
github.com/arkanus-app/rpg-dice-roller/go/parser.go:264.31,265.9 1 3813
github.com/arkanus-app/rpg-dice-roller/go/parser.go:267.3,268.37 2 1569
github.com/arkanus-app/rpg-dice-roller/go/parser.go:268.37,269.9 1 455
github.com/arkanus-app/rpg-dice-roller/go/parser.go:271.3,273.48 3 1114
github.com/arkanus-app/rpg-dice-roller/go/parser.go:273.48,275.4 1 40
github.com/arkanus-app/rpg-dice-roller/go/parser.go:276.3,279.14 4 1114
github.com/arkanus-app/rpg-dice-roller/go/parser.go:281.2,281.13 1 4268
github.com/arkanus-app/rpg-dice-roller/go/parser.go:283.60,285.76 2 4469
github.com/arkanus-app/rpg-dice-roller/go/parser.go:285.76,291.3 5 65
github.com/arkanus-app/rpg-dice-roller/go/parser.go:292.2,292.25 1 4404
github.com/arkanus-app/rpg-dice-roller/go/parser.go:294.61,296.20 2 4404
github.com/arkanus-app/rpg-dice-roller/go/parser.go:297.16,298.46 1 3652
github.com/arkanus-app/rpg-dice-roller/go/parser.go:299.26,300.51 1 139
github.com/arkanus-app/rpg-dice-roller/go/parser.go:301.20,302.24 1 196
github.com/arkanus-app/rpg-dice-roller/go/parser.go:303.20,304.48 1 402
github.com/arkanus-app/rpg-dice-roller/go/parser.go:304.48,306.4 1 79
github.com/arkanus-app/rpg-dice-roller/go/parser.go:307.3,307.76 1 323
github.com/arkanus-app/rpg-dice-roller/go/parser.go:307.76,309.4 1 320
github.com/arkanus-app/rpg-dice-roller/go/parser.go:311.2,312.12 2 18
github.com/arkanus-app/rpg-dice-roller/go/parser.go:314.71,316.16 2 7362
github.com/arkanus-app/rpg-dice-roller/go/parser.go:316.16,318.3 1 15
github.com/arkanus-app/rpg-dice-roller/go/parser.go:319.2,321.16 3 7362
github.com/arkanus-app/rpg-dice-roller/go/parser.go:321.16,323.3 1 15
github.com/arkanus-app/rpg-dice-roller/go/parser.go:324.2,326.17 3 7352
github.com/arkanus-app/rpg-dice-roller/go/parser.go:326.17,328.3 1 10
github.com/arkanus-app/rpg-dice-roller/go/parser.go:329.2,329.13 1 7352
github.com/arkanus-app/rpg-dice-roller/go/parser.go:331.70,336.2 4 79
github.com/arkanus-app/rpg-dice-roller/go/parser.go:337.67,344.2 6 171
github.com/arkanus-app/rpg-dice-roller/go/parser.go:345.88,346.49 1 3778
github.com/arkanus-app/rpg-dice-roller/go/parser.go:346.49,349.3 2 2313
github.com/arkanus-app/rpg-dice-roller/go/parser.go:350.2,350.17 1 1465
github.com/arkanus-app/rpg-dice-roller/go/parser.go:352.91,354.22 2 4613
github.com/arkanus-app/rpg-dice-roller/go/parser.go:354.22,356.3 1 2300
github.com/arkanus-app/rpg-dice-roller/go/parser.go:357.2,357.174 1 4613
github.com/arkanus-app/rpg-dice-roller/go/parser.go:357.174,359.3 1 10
github.com/arkanus-app/rpg-dice-roller/go/parser.go:361.82,364.21 3 2388
github.com/arkanus-app/rpg-dice-roller/go/parser.go:364.21,366.3 1 79
github.com/arkanus-app/rpg-dice-roller/go/parser.go:366.8,368.3 1 2309
github.com/arkanus-app/rpg-dice-roller/go/parser.go:369.2,371.26 3 2388
github.com/arkanus-app/rpg-dice-roller/go/parser.go:371.26,374.32 3 65
github.com/arkanus-app/rpg-dice-roller/go/parser.go:374.32,377.90 3 35
github.com/arkanus-app/rpg-dice-roller/go/parser.go:377.90,379.5 1 6
github.com/arkanus-app/rpg-dice-roller/go/parser.go:380.4,381.26 2 29
github.com/arkanus-app/rpg-dice-roller/go/parser.go:383.8,383.93 1 2323
github.com/arkanus-app/rpg-dice-roller/go/parser.go:383.93,387.3 3 23
github.com/arkanus-app/rpg-dice-roller/go/parser.go:387.8,389.45 2 2300
github.com/arkanus-app/rpg-dice-roller/go/parser.go:389.45,391.4 1 32
github.com/arkanus-app/rpg-dice-roller/go/parser.go:391.9,393.4 1 2268
github.com/arkanus-app/rpg-dice-roller/go/parser.go:394.3,395.28 2 2300
github.com/arkanus-app/rpg-dice-roller/go/parser.go:397.2,398.29 2 2376
github.com/arkanus-app/rpg-dice-roller/go/parser.go:398.29,400.3 1 1321
github.com/arkanus-app/rpg-dice-roller/go/parser.go:401.2,403.13 3 2303
github.com/arkanus-app/rpg-dice-roller/go/parser.go:405.62,410.38 5 320
github.com/arkanus-app/rpg-dice-roller/go/parser.go:410.38,414.3 3 68
github.com/arkanus-app/rpg-dice-roller/go/parser.go:415.2,418.13 4 253
github.com/arkanus-app/rpg-dice-roller/go/parser.go:420.59,423.34 3 196
github.com/arkanus-app/rpg-dice-roller/go/parser.go:423.34,426.3 2 206
github.com/arkanus-app/rpg-dice-roller/go/parser.go:427.2,430.24 4 187
github.com/arkanus-app/rpg-dice-roller/go/parser.go:430.24,432.3 1 167
github.com/arkanus-app/rpg-dice-roller/go/parser.go:433.2,435.13 3 187
github.com/arkanus-app/rpg-dice-roller/go/parser.go:437.57,440.2 2 1032
github.com/arkanus-app/rpg-dice-roller/go/parser.go:441.68,445.26 4 719
github.com/arkanus-app/rpg-dice-roller/go/parser.go:445.26,449.3 3 23
github.com/arkanus-app/rpg-dice-roller/go/parser.go:449.8,452.3 2 696
github.com/arkanus-app/rpg-dice-roller/go/parser.go:453.2,455.88 3 719
github.com/arkanus-app/rpg-dice-roller/go/parser.go:455.88,458.3 2 6
github.com/arkanus-app/rpg-dice-roller/go/parser.go:459.2,461.142 3 719
github.com/arkanus-app/rpg-dice-roller/go/parser.go:463.63,465.6 2 2563
github.com/arkanus-app/rpg-dice-roller/go/parser.go:465.6,467.22 2 4846
github.com/arkanus-app/rpg-dice-roller/go/parser.go:467.22,469.4 1 2490
github.com/arkanus-app/rpg-dice-roller/go/parser.go:470.3,470.42 1 2283
github.com/arkanus-app/rpg-dice-roller/go/parser.go:473.73,475.6 2 2216
github.com/arkanus-app/rpg-dice-roller/go/parser.go:475.6,477.22 2 2286
github.com/arkanus-app/rpg-dice-roller/go/parser.go:477.22,479.4 1 2216
github.com/arkanus-app/rpg-dice-roller/go/parser.go:480.3,480.42 1 70
github.com/arkanus-app/rpg-dice-roller/go/parser.go:483.70,485.32 2 7132
github.com/arkanus-app/rpg-dice-roller/go/parser.go:485.32,487.3 1 5290
github.com/arkanus-app/rpg-dice-roller/go/parser.go:488.2,488.21 1 1842
github.com/arkanus-app/rpg-dice-roller/go/parser.go:489.14,490.89 1 185
github.com/arkanus-app/rpg-dice-roller/go/parser.go:491.14,492.77 1 123
github.com/arkanus-app/rpg-dice-roller/go/parser.go:493.13,494.41 1 89
github.com/arkanus-app/rpg-dice-roller/go/parser.go:495.13,496.40 1 32
github.com/arkanus-app/rpg-dice-roller/go/parser.go:498.2,498.12 1 1413
github.com/arkanus-app/rpg-dice-roller/go/parser.go:500.60,502.66 2 4846
github.com/arkanus-app/rpg-dice-roller/go/parser.go:502.66,504.3 1 317
github.com/arkanus-app/rpg-dice-roller/go/parser.go:505.2,505.26 1 4487
github.com/arkanus-app/rpg-dice-roller/go/parser.go:505.26,507.3 1 467
github.com/arkanus-app/rpg-dice-roller/go/parser.go:508.2,508.32 1 4020
github.com/arkanus-app/rpg-dice-roller/go/parser.go:508.32,510.3 1 129
github.com/arkanus-app/rpg-dice-roller/go/parser.go:511.2,511.32 1 3891
github.com/arkanus-app/rpg-dice-roller/go/parser.go:511.32,513.3 1 2484
github.com/arkanus-app/rpg-dice-roller/go/parser.go:514.2,514.21 1 1407
github.com/arkanus-app/rpg-dice-roller/go/parser.go:515.11,516.33 1 183
github.com/arkanus-app/rpg-dice-roller/go/parser.go:517.11,518.33 1 327
github.com/arkanus-app/rpg-dice-roller/go/parser.go:519.20,520.36 1 213
github.com/arkanus-app/rpg-dice-roller/go/parser.go:521.11,522.39 1 207
github.com/arkanus-app/rpg-dice-roller/go/parser.go:523.11,524.39 1 263
github.com/arkanus-app/rpg-dice-roller/go/parser.go:525.12,526.45 1 56
github.com/arkanus-app/rpg-dice-roller/go/parser.go:527.12,528.45 1 54
github.com/arkanus-app/rpg-dice-roller/go/parser.go:529.11,530.23 1 98
github.com/arkanus-app/rpg-dice-roller/go/parser.go:532.2,532.12 1 6
github.com/arkanus-app/rpg-dice-roller/go/parser.go:534.59,537.32 3 467
github.com/arkanus-app/rpg-dice-roller/go/parser.go:537.32,540.3 2 189
github.com/arkanus-app/rpg-dice-roller/go/parser.go:541.2,541.25 1 467
github.com/arkanus-app/rpg-dice-roller/go/parser.go:541.25,544.3 2 64
github.com/arkanus-app/rpg-dice-roller/go/parser.go:545.2,546.28 2 467
github.com/arkanus-app/rpg-dice-roller/go/parser.go:546.28,547.126 1 391
github.com/arkanus-app/rpg-dice-roller/go/parser.go:547.126,549.4 1 15
github.com/arkanus-app/rpg-dice-roller/go/parser.go:550.3,552.14 3 376
github.com/arkanus-app/rpg-dice-roller/go/parser.go:554.2,554.29 1 452
github.com/arkanus-app/rpg-dice-roller/go/parser.go:554.29,556.3 1 204
github.com/arkanus-app/rpg-dice-roller/go/parser.go:557.2,558.25 2 452
github.com/arkanus-app/rpg-dice-roller/go/parser.go:558.25,560.3 1 204
github.com/arkanus-app/rpg-dice-roller/go/parser.go:561.2,563.13 3 452
github.com/arkanus-app/rpg-dice-roller/go/parser.go:565.58,568.25 3 129
github.com/arkanus-app/rpg-dice-roller/go/parser.go:568.25,571.3 2 90
github.com/arkanus-app/rpg-dice-roller/go/parser.go:572.2,573.20 2 126
github.com/arkanus-app/rpg-dice-roller/go/parser.go:573.20,575.3 1 90
github.com/arkanus-app/rpg-dice-roller/go/parser.go:576.2,578.13 3 126
github.com/arkanus-app/rpg-dice-roller/go/parser.go:580.81,582.122 2 510
github.com/arkanus-app/rpg-dice-roller/go/parser.go:582.122,584.3 1 6
github.com/arkanus-app/rpg-dice-roller/go/parser.go:585.2,585.14 1 503
github.com/arkanus-app/rpg-dice-roller/go/parser.go:587.71,590.20 3 510
github.com/arkanus-app/rpg-dice-roller/go/parser.go:590.20,592.3 1 183
github.com/arkanus-app/rpg-dice-roller/go/parser.go:593.2,593.25 1 510
github.com/arkanus-app/rpg-dice-roller/go/parser.go:593.25,596.3 2 179
github.com/arkanus-app/rpg-dice-roller/go/parser.go:596.8,596.32 1 331
github.com/arkanus-app/rpg-dice-roller/go/parser.go:596.32,599.3 2 328
github.com/arkanus-app/rpg-dice-roller/go/parser.go:600.2,603.13 4 510
github.com/arkanus-app/rpg-dice-roller/go/parser.go:605.65,607.76 2 213
github.com/arkanus-app/rpg-dice-roller/go/parser.go:607.76,610.3 2 9
github.com/arkanus-app/rpg-dice-roller/go/parser.go:611.2,611.26 1 204
github.com/arkanus-app/rpg-dice-roller/go/parser.go:613.69,619.2 5 213
github.com/arkanus-app/rpg-dice-roller/go/parser.go:620.75,623.25 3 470
github.com/arkanus-app/rpg-dice-roller/go/parser.go:623.25,626.3 2 190
github.com/arkanus-app/rpg-dice-roller/go/parser.go:627.2,628.29 2 470
github.com/arkanus-app/rpg-dice-roller/go/parser.go:628.29,630.3 1 212
github.com/arkanus-app/rpg-dice-roller/go/parser.go:631.2,632.20 2 470
github.com/arkanus-app/rpg-dice-roller/go/parser.go:632.20,634.3 1 212
github.com/arkanus-app/rpg-dice-roller/go/parser.go:635.2,637.13 3 470
github.com/arkanus-app/rpg-dice-roller/go/parser.go:639.71,642.29 3 110
github.com/arkanus-app/rpg-dice-roller/go/parser.go:642.29,644.3 1 84
github.com/arkanus-app/rpg-dice-roller/go/parser.go:645.2,646.20 2 110
github.com/arkanus-app/rpg-dice-roller/go/parser.go:646.20,648.3 1 84
github.com/arkanus-app/rpg-dice-roller/go/parser.go:649.2,651.13 3 110
github.com/arkanus-app/rpg-dice-roller/go/parser.go:653.56,656.25 3 98
github.com/arkanus-app/rpg-dice-roller/go/parser.go:656.25,658.3 1 35
github.com/arkanus-app/rpg-dice-roller/go/parser.go:658.8,658.32 1 63
github.com/arkanus-app/rpg-dice-roller/go/parser.go:658.32,661.3 2 60
github.com/arkanus-app/rpg-dice-roller/go/parser.go:662.2,664.13 3 98
github.com/arkanus-app/rpg-dice-roller/go/parser.go:666.105,673.31 7 308
github.com/arkanus-app/rpg-dice-roller/go/parser.go:673.31,675.3 1 9
github.com/arkanus-app/rpg-dice-roller/go/parser.go:676.2,676.13 1 299
github.com/arkanus-app/rpg-dice-roller/go/parser.go:676.13,678.3 1 277
github.com/arkanus-app/rpg-dice-roller/go/parser.go:679.2,680.16 2 299
github.com/arkanus-app/rpg-dice-roller/go/parser.go:680.16,682.3 1 179
github.com/arkanus-app/rpg-dice-roller/go/parser.go:683.2,684.153 2 299
github.com/arkanus-app/rpg-dice-roller/go/parser.go:684.153,686.3 1 27
github.com/arkanus-app/rpg-dice-roller/go/parser.go:687.2,690.53 4 266
github.com/arkanus-app/rpg-dice-roller/go/parser.go:690.53,692.3 1 133
github.com/arkanus-app/rpg-dice-roller/go/parser.go:693.2,693.13 1 266
github.com/arkanus-app/rpg-dice-roller/go/parser.go:695.81,700.2 4 121
github.com/arkanus-app/rpg-dice-roller/go/random.go:21.72,22.76 1 442078
github.com/arkanus-app/rpg-dice-roller/go/random.go:22.76,24.3 1 5
github.com/arkanus-app/rpg-dice-roller/go/random.go:26.2,27.44 2 442073
github.com/arkanus-app/rpg-dice-roller/go/random.go:27.44,29.3 1 4
github.com/arkanus-app/rpg-dice-roller/go/random.go:30.2,31.6 2 442069
github.com/arkanus-app/rpg-dice-roller/go/random.go:31.6,33.17 2 442113
github.com/arkanus-app/rpg-dice-roller/go/random.go:33.17,35.4 1 516
github.com/arkanus-app/rpg-dice-roller/go/random.go:36.3,36.28 1 441597
github.com/arkanus-app/rpg-dice-roller/go/random.go:36.28,38.4 1 441553
github.com/arkanus-app/rpg-dice-roller/go/random.go:42.55,44.16 2 166
github.com/arkanus-app/rpg-dice-roller/go/random.go:44.16,46.3 1 2
github.com/arkanus-app/rpg-dice-roller/go/random.go:47.2,47.57 1 164
github.com/arkanus-app/rpg-dice-roller/go/random.go:64.90,68.2 3 95
github.com/arkanus-app/rpg-dice-roller/go/random.go:72.111,73.21 1 17118
github.com/arkanus-app/rpg-dice-roller/go/random.go:73.21,75.3 1 3
github.com/arkanus-app/rpg-dice-roller/go/random.go:76.2,78.68 3 17115
github.com/arkanus-app/rpg-dice-roller/go/random.go:78.68,83.15 5 10687848
github.com/arkanus-app/rpg-dice-roller/go/random.go:83.15,86.4 2 17127
github.com/arkanus-app/rpg-dice-roller/go/random.go:87.3,87.22 1 10687848
github.com/arkanus-app/rpg-dice-roller/go/random.go:87.22,89.4 1 2669988
github.com/arkanus-app/rpg-dice-roller/go/random.go:91.2,91.51 1 17115
github.com/arkanus-app/rpg-dice-roller/go/random.go:91.51,95.15 4 10662645
github.com/arkanus-app/rpg-dice-roller/go/random.go:95.15,98.4 2 17115
github.com/arkanus-app/rpg-dice-roller/go/random.go:100.2,101.20 2 17115
github.com/arkanus-app/rpg-dice-roller/go/random.go:104.56,106.36 2 95
github.com/arkanus-app/rpg-dice-roller/go/random.go:106.36,109.3 2 59185
github.com/arkanus-app/rpg-dice-roller/go/random.go:110.2,110.24 1 95
github.com/arkanus-app/rpg-dice-roller/go/random.go:113.40,116.27 1 17818
github.com/arkanus-app/rpg-dice-roller/go/random.go:116.27,119.3 2 4044686
github.com/arkanus-app/rpg-dice-roller/go/random.go:120.2,120.29 1 17818
github.com/arkanus-app/rpg-dice-roller/go/random.go:120.29,123.3 2 7055928
github.com/arkanus-app/rpg-dice-roller/go/random.go:124.2,126.13 3 17818
github.com/arkanus-app/rpg-dice-roller/go/random.go:129.61,130.21 1 920419
github.com/arkanus-app/rpg-dice-roller/go/random.go:130.21,131.56 1 862839
github.com/arkanus-app/rpg-dice-roller/go/random.go:131.56,133.4 1 527
github.com/arkanus-app/rpg-dice-roller/go/random.go:135.2,135.29 1 919892
github.com/arkanus-app/rpg-dice-roller/go/random.go:135.29,137.3 1 17580
github.com/arkanus-app/rpg-dice-roller/go/random.go:138.2,144.19 7 919892
github.com/arkanus-app/rpg-dice-roller/go/random.go:147.71,149.2 1 321821
github.com/arkanus-app/rpg-dice-roller/go/random.go:151.56,151.80 1 33
github.com/arkanus-app/rpg-dice-roller/go/random.go:159.98,160.21 1 3423
github.com/arkanus-app/rpg-dice-roller/go/random.go:160.21,162.3 1 2
github.com/arkanus-app/rpg-dice-roller/go/random.go:163.2,165.33 3 3421
github.com/arkanus-app/rpg-dice-roller/go/random.go:165.33,168.3 1 3
github.com/arkanus-app/rpg-dice-roller/go/random.go:169.2,169.20 1 3421
github.com/arkanus-app/rpg-dice-roller/go/random.go:172.56,174.2 1 422738
github.com/arkanus-app/rpg-dice-roller/go/random.go:176.59,177.21 1 122020
github.com/arkanus-app/rpg-dice-roller/go/random.go:177.21,178.56 1 120607
github.com/arkanus-app/rpg-dice-roller/go/random.go:178.56,180.4 1 1
github.com/arkanus-app/rpg-dice-roller/go/random.go:182.2,190.20 9 122019
github.com/arkanus-app/rpg-dice-roller/go/random.go:193.69,195.2 1 120257
github.com/arkanus-app/rpg-dice-roller/go/random.go:197.54,197.78 1 133
github.com/arkanus-app/rpg-dice-roller/go/replay.go:42.40,43.22 1 39677
github.com/arkanus-app/rpg-dice-roller/go/replay.go:43.22,45.3 1 12
github.com/arkanus-app/rpg-dice-roller/go/replay.go:46.2,46.23 1 39665
github.com/arkanus-app/rpg-dice-roller/go/replay.go:46.23,47.85 1 1269073
github.com/arkanus-app/rpg-dice-roller/go/replay.go:47.85,49.4 1 7
github.com/arkanus-app/rpg-dice-roller/go/replay.go:51.2,51.13 1 39658
github.com/arkanus-app/rpg-dice-roller/go/replay.go:54.63,56.2 1 36991
github.com/arkanus-app/rpg-dice-roller/go/replay.go:58.47,60.2 1 60
github.com/arkanus-app/rpg-dice-roller/go/replay.go:62.107,64.21 2 16612
github.com/arkanus-app/rpg-dice-roller/go/replay.go:64.21,66.3 1 3
github.com/arkanus-app/rpg-dice-roller/go/replay.go:67.2,68.23 2 16612
github.com/arkanus-app/rpg-dice-roller/go/replay.go:68.23,70.3 1 10
github.com/arkanus-app/rpg-dice-roller/go/replay.go:71.2,71.112 1 16612
github.com/arkanus-app/rpg-dice-roller/go/replay.go:71.112,73.3 1 4
github.com/arkanus-app/rpg-dice-roller/go/replay.go:74.2,78.8 1 16608
github.com/arkanus-app/rpg-dice-roller/go/replay.go:84.103,85.38 1 3280
github.com/arkanus-app/rpg-dice-roller/go/replay.go:85.38,87.3 1 1
github.com/arkanus-app/rpg-dice-roller/go/replay.go:88.2,90.31 3 3279
github.com/arkanus-app/rpg-dice-roller/go/replay.go:91.24,92.21 1 2954
github.com/arkanus-app/rpg-dice-roller/go/replay.go:93.25,94.19 1 2
github.com/arkanus-app/rpg-dice-roller/go/replay.go:94.19,96.4 1 1
github.com/arkanus-app/rpg-dice-roller/go/replay.go:97.3,97.22 1 1
github.com/arkanus-app/rpg-dice-roller/go/replay.go:98.22,99.19 1 312
github.com/arkanus-app/rpg-dice-roller/go/replay.go:99.19,101.4 1 1
github.com/arkanus-app/rpg-dice-roller/go/replay.go:103.3,105.78 1 311
github.com/arkanus-app/rpg-dice-roller/go/replay.go:105.78,107.4 1 24
github.com/arkanus-app/rpg-dice-roller/go/replay.go:108.3,116.4 6 287
github.com/arkanus-app/rpg-dice-roller/go/replay.go:117.10,118.95 1 11
github.com/arkanus-app/rpg-dice-roller/go/replay.go:120.2,121.92 1 3242
github.com/arkanus-app/rpg-dice-roller/go/replay.go:121.92,123.3 1 5
github.com/arkanus-app/rpg-dice-roller/go/replay.go:124.2,125.123 1 3237
github.com/arkanus-app/rpg-dice-roller/go/replay.go:125.123,127.3 1 31
github.com/arkanus-app/rpg-dice-roller/go/replay.go:128.2,128.99 1 3206
github.com/arkanus-app/rpg-dice-roller/go/replay.go:128.99,132.3 1 5
github.com/arkanus-app/rpg-dice-roller/go/replay.go:133.2,133.24 1 3201
github.com/arkanus-app/rpg-dice-roller/go/replay.go:136.50,137.32 1 906
github.com/arkanus-app/rpg-dice-roller/go/replay.go:138.15,139.37 1 195
github.com/arkanus-app/rpg-dice-roller/go/replay.go:140.11,141.28 1 4
github.com/arkanus-app/rpg-dice-roller/go/replay.go:142.19,144.51 2 700
github.com/arkanus-app/rpg-dice-roller/go/replay.go:145.10,146.15 1 7
github.com/arkanus-app/rpg-dice-roller/go/replay.go:150.41,153.2 2 26
github.com/arkanus-app/rpg-dice-roller/go/replay.go:157.70,161.47 4 239
github.com/arkanus-app/rpg-dice-roller/go/replay.go:161.47,163.3 1 5
github.com/arkanus-app/rpg-dice-roller/go/replay.go:164.2,165.53 2 234
github.com/arkanus-app/rpg-dice-roller/go/replay.go:165.53,167.3 1 1
github.com/arkanus-app/rpg-dice-roller/go/replay.go:168.2,169.16 2 233
github.com/arkanus-app/rpg-dice-roller/go/replay.go:169.16,171.3 1 1
github.com/arkanus-app/rpg-dice-roller/go/replay.go:172.2,173.12 2 232
github.com/arkanus-app/rpg-dice-roller/go/replay.go:176.91,178.16 2 2955
github.com/arkanus-app/rpg-dice-roller/go/replay.go:178.16,180.3 1 22
github.com/arkanus-app/rpg-dice-roller/go/replay.go:181.2,184.23 4 2933
github.com/arkanus-app/rpg-dice-roller/go/replay.go:184.23,186.3 1 11732
github.com/arkanus-app/rpg-dice-roller/go/replay.go:187.2,190.9 1 2933
github.com/arkanus-app/rpg-dice-roller/go/replay.go:193.91,196.2 2 24
github.com/arkanus-app/rpg-dice-roller/go/replay.go:200.115,202.16 2 4
github.com/arkanus-app/rpg-dice-roller/go/replay.go:202.16,204.3 1 2
github.com/arkanus-app/rpg-dice-roller/go/replay.go:205.2,205.39 1 2
github.com/arkanus-app/rpg-dice-roller/go/replay.go:205.39,207.3 1 1
github.com/arkanus-app/rpg-dice-roller/go/replay.go:208.2,208.59 1 1
github.com/arkanus-app/rpg-dice-roller/go/roll_count.go:5.43,6.51 1 4901
github.com/arkanus-app/rpg-dice-roller/go/roll_count.go:6.51,6.104 1 4793
github.com/arkanus-app/rpg-dice-roller/go/roll_count.go:8.50,9.39 1 431
github.com/arkanus-app/rpg-dice-roller/go/roll_count.go:9.39,10.49 1 3425
github.com/arkanus-app/rpg-dice-roller/go/roll_count.go:10.49,12.4 1 2
github.com/arkanus-app/rpg-dice-roller/go/roll_count.go:13.3,13.11 1 3423
github.com/arkanus-app/rpg-dice-roller/go/roll_count.go:16.37,17.11 1 491
github.com/arkanus-app/rpg-dice-roller/go/roll_count.go:18.11,19.13 1 33
github.com/arkanus-app/rpg-dice-roller/go/roll_count.go:20.11,21.13 1 60
github.com/arkanus-app/rpg-dice-roller/go/roll_count.go:22.11,23.13 1 25
github.com/arkanus-app/rpg-dice-roller/go/roll_count.go:25.2,25.10 1 373
github.com/arkanus-app/rpg-dice-roller/go/roll_count.go:27.56,29.23 2 147
github.com/arkanus-app/rpg-dice-roller/go/roll_count.go:29.23,31.55 2 188
github.com/arkanus-app/rpg-dice-roller/go/roll_count.go:31.55,33.4 1 132
github.com/arkanus-app/rpg-dice-roller/go/roll_count.go:34.3,36.37 3 56
github.com/arkanus-app/rpg-dice-roller/go/roll_count.go:36.37,38.51 2 303
github.com/arkanus-app/rpg-dice-roller/go/roll_count.go:38.51,40.13 2 60
github.com/arkanus-app/rpg-dice-roller/go/roll_count.go:42.4,42.40 1 243
github.com/arkanus-app/rpg-dice-roller/go/roll_count.go:42.40,43.13 1 184
github.com/arkanus-app/rpg-dice-roller/go/roll_count.go:45.4,45.51 1 59
github.com/arkanus-app/rpg-dice-roller/go/roll_count.go:45.51,47.5 1 1
github.com/arkanus-app/rpg-dice-roller/go/roll_count.go:48.4,49.45 2 58
github.com/arkanus-app/rpg-dice-roller/go/roll_count.go:49.45,51.10 2 2
github.com/arkanus-app/rpg-dice-roller/go/roll_count.go:54.3,54.37 1 55
github.com/arkanus-app/rpg-dice-roller/go/roll_count.go:54.37,56.4 1 2
github.com/arkanus-app/rpg-dice-roller/go/roll_count.go:57.3,57.57 1 53
github.com/arkanus-app/rpg-dice-roller/go/roll_count.go:59.2,59.16 1 12
github.com/arkanus-app/rpg-dice-roller/go/roll_count.go:61.71,62.19 1 365
github.com/arkanus-app/rpg-dice-roller/go/roll_count.go:63.15,64.41 1 7
github.com/arkanus-app/rpg-dice-roller/go/roll_count.go:65.16,66.50 1 86
github.com/arkanus-app/rpg-dice-roller/go/roll_count.go:67.23,68.44 1 3
github.com/arkanus-app/rpg-dice-roller/go/roll_count.go:69.18,70.24 1 18
github.com/arkanus-app/rpg-dice-roller/go/roll_count.go:71.14,72.34 1 24
github.com/arkanus-app/rpg-dice-roller/go/roll_count.go:72.34,74.4 1 23
github.com/arkanus-app/rpg-dice-roller/go/roll_count.go:75.3,75.42 1 1
github.com/arkanus-app/rpg-dice-roller/go/roll_count.go:76.15,77.26 1 1
github.com/arkanus-app/rpg-dice-roller/go/roll_count.go:79.2,79.12 1 226
github.com/arkanus-app/rpg-dice-roller/go/roll_count.go:81.81,88.23 4 110
github.com/arkanus-app/rpg-dice-roller/go/roll_count.go:88.23,91.23 3 730
github.com/arkanus-app/rpg-dice-roller/go/roll_count.go:91.23,94.44 3 365
github.com/arkanus-app/rpg-dice-roller/go/roll_count.go:94.44,96.5 1 255
github.com/arkanus-app/rpg-dice-roller/go/roll_count.go:97.4,97.12 1 365
github.com/arkanus-app/rpg-dice-roller/go/roll_count.go:99.3,103.20 5 365
github.com/arkanus-app/rpg-dice-roller/go/roll_count.go:104.17,105.32 1 226
github.com/arkanus-app/rpg-dice-roller/go/roll_count.go:106.16,108.10 2 7
github.com/arkanus-app/rpg-dice-roller/go/roll_count.go:108.10,109.29 1 6
github.com/arkanus-app/rpg-dice-roller/go/roll_count.go:109.29,111.6 1 3
github.com/arkanus-app/rpg-dice-roller/go/roll_count.go:112.5,112.50 1 6
github.com/arkanus-app/rpg-dice-roller/go/roll_count.go:114.24,115.42 1 3
github.com/arkanus-app/rpg-dice-roller/go/roll_count.go:116.17,120.10 4 86
github.com/arkanus-app/rpg-dice-roller/go/roll_count.go:120.10,122.25 2 69
github.com/arkanus-app/rpg-dice-roller/go/roll_count.go:122.25,124.6 1 1
github.com/arkanus-app/rpg-dice-roller/go/roll_count.go:125.5,125.62 1 69
github.com/arkanus-app/rpg-dice-roller/go/roll_count.go:127.19,130.10 3 18
github.com/arkanus-app/rpg-dice-roller/go/roll_count.go:130.10,131.37 1 15
github.com/arkanus-app/rpg-dice-roller/go/roll_count.go:131.37,133.6 1 11
github.com/arkanus-app/rpg-dice-roller/go/roll_count.go:133.11,136.12 3 4
github.com/arkanus-app/rpg-dice-roller/go/roll_count.go:136.12,138.7 1 3
github.com/arkanus-app/rpg-dice-roller/go/roll_count.go:142.3,142.17 1 365
github.com/arkanus-app/rpg-dice-roller/go/roll_count.go:142.17,144.4 1 11
github.com/arkanus-app/rpg-dice-roller/go/roll_count.go:145.3,145.9 1 354
github.com/arkanus-app/rpg-dice-roller/go/roll_count.go:145.9,147.4 1 306
github.com/arkanus-app/rpg-dice-roller/go/roll_count.go:149.2,150.18 2 99
github.com/arkanus-app/rpg-dice-roller/go/roll_count.go:155.77,157.22 2 147
github.com/arkanus-app/rpg-dice-roller/go/roll_count.go:157.22,159.3 1 12
github.com/arkanus-app/rpg-dice-roller/go/roll_count.go:160.2,161.16 2 135
github.com/arkanus-app/rpg-dice-roller/go/roll_count.go:161.16,163.3 1 25
github.com/arkanus-app/rpg-dice-roller/go/roll_count.go:164.2,164.49 1 110
github.com/arkanus-app/rpg-dice-roller/go/scanner.go:21.42,21.80 1 23705
github.com/arkanus-app/rpg-dice-roller/go/scanner.go:22.42,22.80 1 51207
github.com/arkanus-app/rpg-dice-roller/go/scanner.go:27.37,29.34 2 2966
github.com/arkanus-app/rpg-dice-roller/go/scanner.go:29.34,31.25 2 77071
github.com/arkanus-app/rpg-dice-roller/go/scanner.go:31.25,33.4 1 399
github.com/arkanus-app/rpg-dice-roller/go/scanner.go:35.2,35.15 1 2966
github.com/arkanus-app/rpg-dice-roller/go/scanner.go:42.63,44.2 1 6
github.com/arkanus-app/rpg-dice-roller/go/scanner.go:46.49,47.38 1 40
github.com/arkanus-app/rpg-dice-roller/go/scanner.go:47.38,49.3 1 8
github.com/arkanus-app/rpg-dice-roller/go/scanner.go:50.2,50.27 1 32
github.com/arkanus-app/rpg-dice-roller/go/scanner.go:52.47,53.30 1 75569
github.com/arkanus-app/rpg-dice-roller/go/scanner.go:53.30,55.3 1 8850
github.com/arkanus-app/rpg-dice-roller/go/scanner.go:56.2,56.17 1 66719
github.com/arkanus-app/rpg-dice-roller/go/scanner.go:58.33,58.64 1 82752
github.com/arkanus-app/rpg-dice-roller/go/scanner.go:59.33,59.88 1 31517
github.com/arkanus-app/rpg-dice-roller/go/scanner.go:60.38,63.2 1 55810
github.com/arkanus-app/rpg-dice-roller/go/scanner.go:64.99,68.2 3 210
github.com/arkanus-app/rpg-dice-roller/go/scanner.go:72.64,75.40 3 2407
github.com/arkanus-app/rpg-dice-roller/go/scanner.go:75.40,77.26 2 19067
github.com/arkanus-app/rpg-dice-roller/go/scanner.go:77.26,79.12 2 32
github.com/arkanus-app/rpg-dice-roller/go/scanner.go:81.3,82.10 2 19035
github.com/arkanus-app/rpg-dice-roller/go/scanner.go:83.23,84.47 1 8171
github.com/arkanus-app/rpg-dice-roller/go/scanner.go:84.47,86.5 1 10031
github.com/arkanus-app/rpg-dice-roller/go/scanner.go:87.4,87.84 1 8171
github.com/arkanus-app/rpg-dice-roller/go/scanner.go:87.84,89.48 2 85
github.com/arkanus-app/rpg-dice-roller/go/scanner.go:89.48,91.6 1 101
github.com/arkanus-app/rpg-dice-roller/go/scanner.go:93.4,95.63 3 8171
github.com/arkanus-app/rpg-dice-roller/go/scanner.go:95.63,97.5 1 1
github.com/arkanus-app/rpg-dice-roller/go/scanner.go:98.4,98.29 1 8170
github.com/arkanus-app/rpg-dice-roller/go/scanner.go:99.23,101.45 2 5567
github.com/arkanus-app/rpg-dice-roller/go/scanner.go:101.45,102.43 1 104530
github.com/arkanus-app/rpg-dice-roller/go/scanner.go:102.43,104.11 2 1145
github.com/arkanus-app/rpg-dice-roller/go/scanner.go:107.4,107.73 1 5567
github.com/arkanus-app/rpg-dice-roller/go/scanner.go:107.73,109.5 1 4400
github.com/arkanus-app/rpg-dice-roller/go/scanner.go:110.4,110.25 1 5567
github.com/arkanus-app/rpg-dice-roller/go/scanner.go:110.25,112.5 1 22
github.com/arkanus-app/rpg-dice-roller/go/scanner.go:113.4,114.30 2 5545
github.com/arkanus-app/rpg-dice-roller/go/scanner.go:115.55,117.15 2 15
github.com/arkanus-app/rpg-dice-roller/go/scanner.go:118.119,121.15 3 387
github.com/arkanus-app/rpg-dice-roller/go/scanner.go:122.48,124.12 2 1495
github.com/arkanus-app/rpg-dice-roller/go/scanner.go:125.41,127.12 2 340
github.com/arkanus-app/rpg-dice-roller/go/scanner.go:128.11,130.11 2 3060
github.com/arkanus-app/rpg-dice-roller/go/scanner.go:130.11,132.5 1 40
github.com/arkanus-app/rpg-dice-roller/go/scanner.go:133.4,134.12 2 3020
github.com/arkanus-app/rpg-dice-roller/go/scanner.go:136.3,137.33 2 18972
github.com/arkanus-app/rpg-dice-roller/go/scanner.go:139.2,139.108 1 2344
github.com/arkanus-app/rpg-dice-roller/go/seed.go:44.73,47.2 2 10
github.com/arkanus-app/rpg-dice-roller/go/seed.go:56.73,58.21 2 17823
github.com/arkanus-app/rpg-dice-roller/go/seed.go:58.21,60.3 1 1
github.com/arkanus-app/rpg-dice-roller/go/seed.go:61.2,61.22 1 17822
github.com/arkanus-app/rpg-dice-roller/go/seed.go:61.22,63.3 1 16737
github.com/arkanus-app/rpg-dice-roller/go/seed.go:64.2,64.47 1 17822
github.com/arkanus-app/rpg-dice-roller/go/seed.go:64.47,66.3 1 3
github.com/arkanus-app/rpg-dice-roller/go/seed.go:67.2,67.30 1 17819
github.com/arkanus-app/rpg-dice-roller/go/seed.go:68.14,69.31 1 2417
github.com/arkanus-app/rpg-dice-roller/go/seed.go:69.31,71.4 1 1
github.com/arkanus-app/rpg-dice-roller/go/seed.go:72.3,73.30 2 2416
github.com/arkanus-app/rpg-dice-roller/go/seed.go:73.30,75.21 2 29630
github.com/arkanus-app/rpg-dice-roller/go/seed.go:75.21,77.5 1 1612
github.com/arkanus-app/rpg-dice-roller/go/seed.go:79.3,79.21 1 2416
github.com/arkanus-app/rpg-dice-roller/go/seed.go:79.21,81.4 1 4
github.com/arkanus-app/rpg-dice-roller/go/seed.go:82.3,82.106 1 2412
github.com/arkanus-app/rpg-dice-roller/go/seed.go:83.17,84.32 1 31
github.com/arkanus-app/rpg-dice-roller/go/seed.go:84.32,86.4 1 5
github.com/arkanus-app/rpg-dice-roller/go/seed.go:87.3,88.58 1 26
github.com/arkanus-app/rpg-dice-roller/go/seed.go:89.10,91.10 2 15371
github.com/arkanus-app/rpg-dice-roller/go/seed.go:91.10,93.4 1 7
github.com/arkanus-app/rpg-dice-roller/go/seed.go:94.3,94.50 1 15364
github.com/arkanus-app/rpg-dice-roller/go/seed.go:94.50,96.29 2 6
github.com/arkanus-app/rpg-dice-roller/go/seed.go:96.29,98.5 1 2
github.com/arkanus-app/rpg-dice-roller/go/seed.go:98.10,98.37 1 4
github.com/arkanus-app/rpg-dice-roller/go/seed.go:98.37,100.5 1 2
github.com/arkanus-app/rpg-dice-roller/go/seed.go:101.4,101.123 1 6
github.com/arkanus-app/rpg-dice-roller/go/seed.go:103.3,104.97 2 15358
github.com/arkanus-app/rpg-dice-roller/go/seed.go:108.44,109.32 1 34012
github.com/arkanus-app/rpg-dice-roller/go/seed.go:110.15,111.22 1 2272
github.com/arkanus-app/rpg-dice-roller/go/seed.go:112.11,113.35 1 14955
github.com/arkanus-app/rpg-dice-roller/go/seed.go:114.13,115.92 1 16754
github.com/arkanus-app/rpg-dice-roller/go/seed.go:116.13,117.31 1 1
github.com/arkanus-app/rpg-dice-roller/go/seed.go:118.13,119.31 1 1
github.com/arkanus-app/rpg-dice-roller/go/seed.go:120.12,121.31 1 1
github.com/arkanus-app/rpg-dice-roller/go/seed.go:122.12,123.36 1 1
github.com/arkanus-app/rpg-dice-roller/go/seed.go:124.14,125.65 1 4
github.com/arkanus-app/rpg-dice-roller/go/seed.go:126.14,127.31 1 1
github.com/arkanus-app/rpg-dice-roller/go/seed.go:128.14,129.31 1 1
github.com/arkanus-app/rpg-dice-roller/go/seed.go:130.13,131.31 1 1
github.com/arkanus-app/rpg-dice-roller/go/seed.go:132.10,133.18 1 20
github.com/arkanus-app/rpg-dice-roller/go/seed.go:139.45,140.16 1 16538
github.com/arkanus-app/rpg-dice-roller/go/seed.go:140.16,141.26 1 4199
github.com/arkanus-app/rpg-dice-roller/go/seed.go:141.26,143.4 1 2
github.com/arkanus-app/rpg-dice-roller/go/seed.go:144.3,144.13 1 4197
github.com/arkanus-app/rpg-dice-roller/go/seed.go:146.2,147.31 2 12339
github.com/arkanus-app/rpg-dice-roller/go/seed.go:147.31,149.3 1 12329
github.com/arkanus-app/rpg-dice-roller/go/seed.go:150.2,153.54 4 10
github.com/arkanus-app/rpg-dice-roller/go/seed.go:158.54,161.31 3 17786
github.com/arkanus-app/rpg-dice-roller/go/seed.go:161.31,163.3 1 25
github.com/arkanus-app/rpg-dice-roller/go/seed.go:164.2,164.28 1 17786
github.com/arkanus-app/rpg-dice-roller/go/seed.go:164.28,165.20 1 176014
github.com/arkanus-app/rpg-dice-roller/go/seed.go:165.20,169.4 3 1610
github.com/arkanus-app/rpg-dice-roller/go/seed.go:169.9,171.4 1 174404
github.com/arkanus-app/rpg-dice-roller/go/seed.go:173.2,173.42 1 17786
github.com/arkanus-app/rpg-dice-roller/go/seed.go:173.42,175.3 1 1076
github.com/arkanus-app/rpg-dice-roller/go/seed.go:176.2,177.23 2 17786
github.com/arkanus-app/rpg-dice-roller/go/seed.go:177.23,182.3 4 71144
github.com/arkanus-app/rpg-dice-roller/go/seed.go:183.2,183.14 1 17786
github.com/arkanus-app/rpg-dice-roller/go/seed.go:186.51,188.2 1 178700
github.com/arkanus-app/rpg-dice-roller/go/seed.go:190.43,192.29 2 21510
github.com/arkanus-app/rpg-dice-roller/go/seed.go:192.29,194.3 1 86040
github.com/arkanus-app/rpg-dice-roller/go/seed.go:195.2,195.37 1 21510
github.com/arkanus-app/rpg-dice-roller/go/seed.go:198.81,200.16 2 17813
github.com/arkanus-app/rpg-dice-roller/go/seed.go:200.16,202.3 1 27
github.com/arkanus-app/rpg-dice-roller/go/seed.go:203.2,204.132 2 17786
github.com/arkanus-app/rpg-dice-roller/go/seed.go:210.69,211.21 1 10
github.com/arkanus-app/rpg-dice-roller/go/seed.go:211.21,213.3 1 1
github.com/arkanus-app/rpg-dice-roller/go/seed.go:214.2,215.22 2 9
github.com/arkanus-app/rpg-dice-roller/go/seed.go:215.22,217.3 1 6
github.com/arkanus-app/rpg-dice-roller/go/seed.go:218.2,218.19 1 9
github.com/arkanus-app/rpg-dice-roller/go/seed.go:218.19,220.3 1 2
github.com/arkanus-app/rpg-dice-roller/go/seed.go:221.2,222.57 2 7
github.com/arkanus-app/rpg-dice-roller/go/seed.go:222.57,224.3 1 2
github.com/arkanus-app/rpg-dice-roller/go/seed.go:225.2,226.23 2 5
github.com/arkanus-app/rpg-dice-roller/go/seed.go:226.23,228.3 1 20
github.com/arkanus-app/rpg-dice-roller/go/seed.go:229.2,230.111 2 5
github.com/arkanus-app/rpg-dice-roller/go/syntax.go:63.56,65.2 1 14779
github.com/arkanus-app/rpg-dice-roller/go/syntax.go:68.46,69.16 1 3263
github.com/arkanus-app/rpg-dice-roller/go/syntax.go:69.16,71.3 1 125
github.com/arkanus-app/rpg-dice-roller/go/syntax.go:72.2,72.14 1 3138
github.com/arkanus-app/rpg-dice-roller/go/syntax.go:75.57,80.2 1 272
github.com/arkanus-app/rpg-dice-roller/go/syntax.go:82.55,84.16 2 4462
github.com/arkanus-app/rpg-dice-roller/go/syntax.go:85.16,86.85 1 2914
github.com/arkanus-app/rpg-dice-roller/go/syntax.go:87.15,88.54 1 26
github.com/arkanus-app/rpg-dice-roller/go/syntax.go:89.16,90.69 1 353
github.com/arkanus-app/rpg-dice-roller/go/syntax.go:91.23,92.33 1 114
github.com/arkanus-app/rpg-dice-roller/go/syntax.go:93.18,94.85 1 120
github.com/arkanus-app/rpg-dice-roller/go/syntax.go:95.14,97.31 2 917
github.com/arkanus-app/rpg-dice-roller/go/syntax.go:97.31,99.4 1 847
github.com/arkanus-app/rpg-dice-roller/go/syntax.go:100.3,100.28 1 917
github.com/arkanus-app/rpg-dice-roller/go/syntax.go:100.28,102.4 1 62
github.com/arkanus-app/rpg-dice-roller/go/syntax.go:103.15,104.64 1 18
github.com/arkanus-app/rpg-dice-roller/go/syntax.go:106.2,106.24 1 4462
github.com/arkanus-app/rpg-dice-roller/go/syntax.go:109.53,111.16 2 1037
github.com/arkanus-app/rpg-dice-roller/go/syntax.go:112.17,113.120 1 237
github.com/arkanus-app/rpg-dice-roller/go/syntax.go:114.16,115.52 1 19
github.com/arkanus-app/rpg-dice-roller/go/syntax.go:116.22,117.58 1 138
github.com/arkanus-app/rpg-dice-roller/go/syntax.go:118.20,119.41 1 77
github.com/arkanus-app/rpg-dice-roller/go/syntax.go:120.26,121.46 1 215
github.com/arkanus-app/rpg-dice-roller/go/syntax.go:122.46,123.27 1 32
github.com/arkanus-app/rpg-dice-roller/go/syntax.go:124.14,125.31 1 27
github.com/arkanus-app/rpg-dice-roller/go/syntax.go:126.38,127.23 1 198
github.com/arkanus-app/rpg-dice-roller/go/syntax.go:128.24,129.31 1 94
github.com/arkanus-app/rpg-dice-roller/go/syntax.go:131.2,131.24 1 1037
github.com/arkanus-app/rpg-dice-roller/go/syntax.go:143.52,145.24 2 8
github.com/arkanus-app/rpg-dice-roller/go/syntax.go:145.24,147.3 1 3
github.com/arkanus-app/rpg-dice-roller/go/syntax.go:147.8,147.26 1 5
github.com/arkanus-app/rpg-dice-roller/go/syntax.go:147.26,149.3 1 3
github.com/arkanus-app/rpg-dice-roller/go/syntax.go:150.2,150.24 1 8
github.com/arkanus-app/rpg-dice-roller/go/systems.go:69.51,71.2 1 537
github.com/arkanus-app/rpg-dice-roller/go/systems.go:139.67,140.22 1 730
github.com/arkanus-app/rpg-dice-roller/go/systems.go:140.22,142.3 1 726
github.com/arkanus-app/rpg-dice-roller/go/systems.go:143.2,143.28 1 4
github.com/arkanus-app/rpg-dice-roller/go/systems.go:145.61,147.2 1 49
github.com/arkanus-app/rpg-dice-roller/go/systems.go:148.72,149.63 1 601
github.com/arkanus-app/rpg-dice-roller/go/systems.go:149.63,151.3 1 568
github.com/arkanus-app/rpg-dice-roller/go/systems.go:152.2,153.22 2 33
github.com/arkanus-app/rpg-dice-roller/go/systems.go:153.22,155.3 1 2
github.com/arkanus-app/rpg-dice-roller/go/systems.go:156.2,156.55 1 31
github.com/arkanus-app/rpg-dice-roller/go/systems.go:156.55,158.3 1 2
github.com/arkanus-app/rpg-dice-roller/go/systems.go:159.2,159.67 1 31
github.com/arkanus-app/rpg-dice-roller/go/systems.go:159.67,161.3 1 13
github.com/arkanus-app/rpg-dice-roller/go/systems.go:162.2,163.16 2 18
github.com/arkanus-app/rpg-dice-roller/go/systems.go:163.16,165.3 1 1
github.com/arkanus-app/rpg-dice-roller/go/systems.go:166.2,167.70 2 17
github.com/arkanus-app/rpg-dice-roller/go/systems.go:167.70,169.3 1 3
github.com/arkanus-app/rpg-dice-roller/go/systems.go:170.2,170.20 1 14
github.com/arkanus-app/rpg-dice-roller/go/systems.go:172.123,174.14 2 1440
github.com/arkanus-app/rpg-dice-roller/go/systems.go:174.14,175.15 1 434
github.com/arkanus-app/rpg-dice-roller/go/systems.go:175.15,177.4 1 2
github.com/arkanus-app/rpg-dice-roller/go/systems.go:178.3,178.18 1 432
github.com/arkanus-app/rpg-dice-roller/go/systems.go:180.2,181.146 2 1006
github.com/arkanus-app/rpg-dice-roller/go/systems.go:181.146,183.3 1 18
github.com/arkanus-app/rpg-dice-roller/go/systems.go:184.2,185.21 2 988
github.com/arkanus-app/rpg-dice-roller/go/systems.go:187.56,188.18 1 966
github.com/arkanus-app/rpg-dice-roller/go/systems.go:188.18,190.3 1 390
github.com/arkanus-app/rpg-dice-roller/go/systems.go:191.2,191.15 1 576
github.com/arkanus-app/rpg-dice-roller/go/systems.go:193.117,194.33 1 558
github.com/arkanus-app/rpg-dice-roller/go/systems.go:194.33,196.17 2 261
github.com/arkanus-app/rpg-dice-roller/go/systems.go:196.17,198.4 1 8
github.com/arkanus-app/rpg-dice-roller/go/systems.go:199.3,200.35 2 253
github.com/arkanus-app/rpg-dice-roller/go/systems.go:202.2,203.16 2 297
github.com/arkanus-app/rpg-dice-roller/go/systems.go:203.16,205.3 1 9
github.com/arkanus-app/rpg-dice-roller/go/systems.go:206.2,206.33 1 288
github.com/arkanus-app/rpg-dice-roller/go/systems.go:208.111,210.9 2 1534
github.com/arkanus-app/rpg-dice-roller/go/systems.go:210.9,212.3 1 4
github.com/arkanus-app/rpg-dice-roller/go/systems.go:213.2,213.146 1 1530
github.com/arkanus-app/rpg-dice-roller/go/systems.go:216.85,218.2 1 52
github.com/arkanus-app/rpg-dice-roller/go/systems.go:219.116,220.18 1 170
github.com/arkanus-app/rpg-dice-roller/go/systems.go:220.18,222.3 1 2
github.com/arkanus-app/rpg-dice-roller/go/systems.go:223.2,224.16 2 170
github.com/arkanus-app/rpg-dice-roller/go/systems.go:224.16,226.3 1 8
github.com/arkanus-app/rpg-dice-roller/go/systems.go:227.2,228.16 2 162
github.com/arkanus-app/rpg-dice-roller/go/systems.go:228.16,230.3 1 6
github.com/arkanus-app/rpg-dice-roller/go/systems.go:231.2,233.16 3 156
github.com/arkanus-app/rpg-dice-roller/go/systems.go:233.16,235.3 1 5
github.com/arkanus-app/rpg-dice-roller/go/systems.go:236.2,237.31 2 151
github.com/arkanus-app/rpg-dice-roller/go/systems.go:237.31,239.23 2 406
github.com/arkanus-app/rpg-dice-roller/go/systems.go:240.13,241.57 1 141
github.com/arkanus-app/rpg-dice-roller/go/systems.go:242.13,243.18 1 119
github.com/arkanus-app/rpg-dice-roller/go/systems.go:244.13,245.54 1 145
github.com/arkanus-app/rpg-dice-roller/go/systems.go:246.11,247.83 1 1
github.com/arkanus-app/rpg-dice-roller/go/systems.go:249.3,250.17 2 405
github.com/arkanus-app/rpg-dice-roller/go/systems.go:250.17,252.4 1 1
github.com/arkanus-app/rpg-dice-roller/go/systems.go:253.3,254.24 2 404
github.com/arkanus-app/rpg-dice-roller/go/systems.go:256.2,256.20 1 149
github.com/arkanus-app/rpg-dice-roller/go/systems.go:270.72,271.87 1 445
github.com/arkanus-app/rpg-dice-roller/go/systems.go:271.87,273.3 1 1
github.com/arkanus-app/rpg-dice-roller/go/systems.go:274.2,276.9 3 444
github.com/arkanus-app/rpg-dice-roller/go/systems.go:276.9,277.23 1 2
github.com/arkanus-app/rpg-dice-roller/go/systems.go:277.23,279.4 1 1
github.com/arkanus-app/rpg-dice-roller/go/systems.go:280.3,280.87 1 1
github.com/arkanus-app/rpg-dice-roller/go/systems.go:282.2,282.46 1 442
github.com/arkanus-app/rpg-dice-roller/go/systems.go:282.46,284.3 1 1
github.com/arkanus-app/rpg-dice-roller/go/systems.go:285.2,286.83 2 441
github.com/arkanus-app/rpg-dice-roller/go/systems.go:288.97,290.2 1 62
github.com/arkanus-app/rpg-dice-roller/go/systems.go:291.128,293.16 2 177
github.com/arkanus-app/rpg-dice-roller/go/systems.go:293.16,295.3 1 4
github.com/arkanus-app/rpg-dice-roller/go/systems.go:296.2,297.57 2 173
github.com/arkanus-app/rpg-dice-roller/go/systems.go:297.57,299.17 2 516
github.com/arkanus-app/rpg-dice-roller/go/systems.go:299.17,301.4 1 3
github.com/arkanus-app/rpg-dice-roller/go/systems.go:302.3,302.42 1 513
github.com/arkanus-app/rpg-dice-roller/go/systems.go:304.2,305.50 2 170
github.com/arkanus-app/rpg-dice-roller/go/systems.go:305.50,307.3 1 2
github.com/arkanus-app/rpg-dice-roller/go/systems.go:308.2,309.16 2 168
github.com/arkanus-app/rpg-dice-roller/go/systems.go:309.16,311.3 1 1
github.com/arkanus-app/rpg-dice-roller/go/systems.go:312.2,313.27 2 167
github.com/arkanus-app/rpg-dice-roller/go/systems.go:313.27,315.3 1 1
github.com/arkanus-app/rpg-dice-roller/go/systems.go:316.2,317.47 2 166
github.com/arkanus-app/rpg-dice-roller/go/systems.go:317.47,318.24 1 498
github.com/arkanus-app/rpg-dice-roller/go/systems.go:318.24,320.4 1 243
github.com/arkanus-app/rpg-dice-roller/go/systems.go:322.2,323.16 2 166
github.com/arkanus-app/rpg-dice-roller/go/systems.go:323.16,325.3 1 4
github.com/arkanus-app/rpg-dice-roller/go/systems.go:326.2,327.31 2 162
github.com/arkanus-app/rpg-dice-roller/go/systems.go:327.31,329.17 2 445
github.com/arkanus-app/rpg-dice-roller/go/systems.go:329.17,331.4 1 4
github.com/arkanus-app/rpg-dice-roller/go/systems.go:332.3,332.33 1 441
github.com/arkanus-app/rpg-dice-roller/go/systems.go:334.2,334.20 1 158
github.com/arkanus-app/rpg-dice-roller/go/systems.go:336.121,338.9 2 11
github.com/arkanus-app/rpg-dice-roller/go/systems.go:338.9,340.13 2 10
github.com/arkanus-app/rpg-dice-roller/go/systems.go:340.13,342.4 1 2
github.com/arkanus-app/rpg-dice-roller/go/systems.go:343.3,344.25 2 8
github.com/arkanus-app/rpg-dice-roller/go/systems.go:344.25,346.4 1 32
github.com/arkanus-app/rpg-dice-roller/go/systems.go:348.2,348.33 1 9
github.com/arkanus-app/rpg-dice-roller/go/systems.go:348.33,350.3 1 1
github.com/arkanus-app/rpg-dice-roller/go/systems.go:351.2,352.32 2 8
github.com/arkanus-app/rpg-dice-roller/go/systems.go:352.32,354.3 1 86
github.com/arkanus-app/rpg-dice-roller/go/systems.go:355.2,357.25 3 8
github.com/arkanus-app/rpg-dice-roller/go/systems.go:357.25,358.15 1 21
github.com/arkanus-app/rpg-dice-roller/go/systems.go:358.15,360.4 1 2
github.com/arkanus-app/rpg-dice-roller/go/systems.go:361.3,361.15 1 19
github.com/arkanus-app/rpg-dice-roller/go/systems.go:361.15,363.4 1 1
github.com/arkanus-app/rpg-dice-roller/go/systems.go:364.3,365.13 2 18
github.com/arkanus-app/rpg-dice-roller/go/systems.go:365.13,367.4 1 1
github.com/arkanus-app/rpg-dice-roller/go/systems.go:368.3,370.38 3 17
github.com/arkanus-app/rpg-dice-roller/go/systems.go:370.38,371.18 1 32
github.com/arkanus-app/rpg-dice-roller/go/systems.go:372.19,373.21 1 12
github.com/arkanus-app/rpg-dice-roller/go/systems.go:374.22,375.24 1 2
github.com/arkanus-app/rpg-dice-roller/go/systems.go:376.20,377.22 1 18
github.com/arkanus-app/rpg-dice-roller/go/systems.go:381.2,381.20 1 4
github.com/arkanus-app/rpg-dice-roller/go/systems.go:384.95,386.2 1 57
github.com/arkanus-app/rpg-dice-roller/go/systems.go:387.126,388.18 1 136
github.com/arkanus-app/rpg-dice-roller/go/systems.go:388.18,390.3 1 2
github.com/arkanus-app/rpg-dice-roller/go/systems.go:391.2,392.16 2 136
github.com/arkanus-app/rpg-dice-roller/go/systems.go:392.16,394.3 1 3
github.com/arkanus-app/rpg-dice-roller/go/systems.go:395.2,396.16 2 133
github.com/arkanus-app/rpg-dice-roller/go/systems.go:396.16,398.3 1 3
github.com/arkanus-app/rpg-dice-roller/go/systems.go:399.2,401.16 3 130
github.com/arkanus-app/rpg-dice-roller/go/systems.go:401.16,403.3 1 1
github.com/arkanus-app/rpg-dice-roller/go/systems.go:404.2,405.16 2 129
github.com/arkanus-app/rpg-dice-roller/go/systems.go:405.16,407.3 1 4
github.com/arkanus-app/rpg-dice-roller/go/systems.go:408.2,408.19 1 125
github.com/arkanus-app/rpg-dice-roller/go/systems.go:408.19,410.3 1 2
github.com/arkanus-app/rpg-dice-roller/go/systems.go:411.2,412.16 2 123
github.com/arkanus-app/rpg-dice-roller/go/systems.go:412.16,414.3 1 1
github.com/arkanus-app/rpg-dice-roller/go/systems.go:415.2,416.16 2 122
github.com/arkanus-app/rpg-dice-roller/go/systems.go:416.16,418.3 1 1
github.com/arkanus-app/rpg-dice-roller/go/systems.go:419.2,421.36 3 121
github.com/arkanus-app/rpg-dice-roller/go/systems.go:421.36,425.3 3 18
github.com/arkanus-app/rpg-dice-roller/go/systems.go:426.2,427.35 2 103
github.com/arkanus-app/rpg-dice-roller/go/systems.go:427.35,429.3 1 56
github.com/arkanus-app/rpg-dice-roller/go/systems.go:430.2,430.23 1 103
github.com/arkanus-app/rpg-dice-roller/go/systems.go:430.23,433.3 2 16
github.com/arkanus-app/rpg-dice-roller/go/systems.go:434.2,437.14 4 87
github.com/arkanus-app/rpg-dice-roller/go/systems.go:437.14,439.3 1 53
github.com/arkanus-app/rpg-dice-roller/go/systems.go:440.2,440.20 1 87
github.com/arkanus-app/rpg-dice-roller/go/systems.go:443.77,445.12 2 442
github.com/arkanus-app/rpg-dice-roller/go/systems.go:445.12,447.3 1 139
github.com/arkanus-app/rpg-dice-roller/go/systems.go:448.2,448.9 1 442
github.com/arkanus-app/rpg-dice-roller/go/systems.go:449.35,450.65 1 20
github.com/arkanus-app/rpg-dice-roller/go/systems.go:451.26,453.13 2 37
github.com/arkanus-app/rpg-dice-roller/go/systems.go:453.13,456.4 2 9
github.com/arkanus-app/rpg-dice-roller/go/systems.go:457.25,458.49 1 147
github.com/arkanus-app/rpg-dice-roller/go/systems.go:460.2,460.60 1 442
github.com/arkanus-app/rpg-dice-roller/go/systems.go:462.91,464.2 1 60
github.com/arkanus-app/rpg-dice-roller/go/systems.go:465.122,467.16 2 117
github.com/arkanus-app/rpg-dice-roller/go/systems.go:467.16,469.3 1 4
github.com/arkanus-app/rpg-dice-roller/go/systems.go:470.2,471.16 2 113
github.com/arkanus-app/rpg-dice-roller/go/systems.go:471.16,473.3 1 3
github.com/arkanus-app/rpg-dice-roller/go/systems.go:474.2,475.16 2 110
github.com/arkanus-app/rpg-dice-roller/go/systems.go:475.16,477.3 1 2
github.com/arkanus-app/rpg-dice-roller/go/systems.go:478.2,479.16 2 108
github.com/arkanus-app/rpg-dice-roller/go/systems.go:479.16,481.3 1 1
github.com/arkanus-app/rpg-dice-roller/go/systems.go:482.2,485.58 4 107
github.com/arkanus-app/rpg-dice-roller/go/systems.go:485.58,486.16 1 214
github.com/arkanus-app/rpg-dice-roller/go/systems.go:486.16,488.4 1 173
github.com/arkanus-app/rpg-dice-roller/go/systems.go:490.2,491.16 2 107
github.com/arkanus-app/rpg-dice-roller/go/systems.go:491.16,493.3 1 4
github.com/arkanus-app/rpg-dice-roller/go/systems.go:494.2,496.31 3 103
github.com/arkanus-app/rpg-dice-roller/go/systems.go:496.31,499.17 3 442
github.com/arkanus-app/rpg-dice-roller/go/systems.go:499.17,501.4 1 1
github.com/arkanus-app/rpg-dice-roller/go/systems.go:502.3,503.24 2 441
github.com/arkanus-app/rpg-dice-roller/go/systems.go:503.24,505.4 1 184
github.com/arkanus-app/rpg-dice-roller/go/systems.go:506.3,506.25 1 441
github.com/arkanus-app/rpg-dice-roller/go/systems.go:506.25,509.4 2 37
github.com/arkanus-app/rpg-dice-roller/go/systems.go:509.9,509.43 1 404
github.com/arkanus-app/rpg-dice-roller/go/systems.go:509.43,511.4 1 20
github.com/arkanus-app/rpg-dice-roller/go/systems.go:513.2,515.23 3 102
github.com/arkanus-app/rpg-dice-roller/go/systems.go:515.23,516.38 1 87
github.com/arkanus-app/rpg-dice-roller/go/systems.go:516.38,518.32 2 48
github.com/arkanus-app/rpg-dice-roller/go/systems.go:518.32,520.21 2 8
github.com/arkanus-app/rpg-dice-roller/go/systems.go:520.21,522.6 1 2
github.com/arkanus-app/rpg-dice-roller/go/systems.go:524.9,526.20 2 39
github.com/arkanus-app/rpg-dice-roller/go/systems.go:526.20,528.5 1 15
github.com/arkanus-app/rpg-dice-roller/go/systems.go:531.2,531.20 1 102
github.com/arkanus-app/rpg-dice-roller/go/systems.go:534.41,535.16 1 1256
github.com/arkanus-app/rpg-dice-roller/go/systems.go:535.16,537.3 1 99
github.com/arkanus-app/rpg-dice-roller/go/systems.go:538.2,538.32 1 1157
github.com/arkanus-app/rpg-dice-roller/go/systems.go:543.69,544.109 1 3
github.com/arkanus-app/rpg-dice-roller/go/systems.go:544.109,546.3 1 2
github.com/arkanus-app/rpg-dice-roller/go/systems.go:547.2,547.35 1 1
github.com/arkanus-app/rpg-dice-roller/go/systems.go:549.103,551.2 1 2
github.com/arkanus-app/rpg-dice-roller/go/systems.go:552.115,554.2 1 1
github.com/arkanus-app/rpg-dice-roller/go/systems.go:555.113,557.2 1 1
github.com/arkanus-app/rpg-dice-roller/go/systems.go:558.109,560.2 1 1
github.com/arkanus-app/rpg-dice-roller/go/systems.go:561.104,563.2 1 1
github.com/arkanus-app/rpg-dice-roller/go/systems_mixed.go:28.79,30.53 2 9
github.com/arkanus-app/rpg-dice-roller/go/systems_mixed.go:30.53,32.3 1 1
github.com/arkanus-app/rpg-dice-roller/go/systems_mixed.go:33.2,37.36 5 8
github.com/arkanus-app/rpg-dice-roller/go/systems_mixed.go:37.36,41.3 3 9
github.com/arkanus-app/rpg-dice-roller/go/systems_mixed.go:42.2,43.16 2 8
github.com/arkanus-app/rpg-dice-roller/go/systems_mixed.go:43.16,45.3 1 7
github.com/arkanus-app/rpg-dice-roller/go/systems_mixed.go:46.2,47.12 2 1
github.com/arkanus-app/rpg-dice-roller/go/systems_mixed.go:105.46,107.33 2 1004
github.com/arkanus-app/rpg-dice-roller/go/systems_mixed.go:107.33,108.43 1 2872
github.com/arkanus-app/rpg-dice-roller/go/systems_mixed.go:108.43,110.4 1 150
github.com/arkanus-app/rpg-dice-roller/go/systems_mixed.go:111.3,111.83 1 2872
github.com/arkanus-app/rpg-dice-roller/go/systems_mixed.go:111.83,113.12 2 2280
github.com/arkanus-app/rpg-dice-roller/go/systems_mixed.go:115.3,115.49 1 592
github.com/arkanus-app/rpg-dice-roller/go/systems_mixed.go:115.49,116.51 1 8488
github.com/arkanus-app/rpg-dice-roller/go/systems_mixed.go:116.51,118.10 2 552
github.com/arkanus-app/rpg-dice-roller/go/systems_mixed.go:122.2,122.24 1 1004
github.com/arkanus-app/rpg-dice-roller/go/systems_mixed.go:124.72,126.22 2 34
github.com/arkanus-app/rpg-dice-roller/go/systems_mixed.go:126.22,128.3 1 25
github.com/arkanus-app/rpg-dice-roller/go/systems_mixed.go:129.2,129.66 1 34
github.com/arkanus-app/rpg-dice-roller/go/systems_mixed.go:131.57,134.46 3 170
github.com/arkanus-app/rpg-dice-roller/go/systems_mixed.go:134.46,136.72 2 5486
github.com/arkanus-app/rpg-dice-roller/go/systems_mixed.go:136.72,138.9 2 12
github.com/arkanus-app/rpg-dice-roller/go/systems_mixed.go:140.3,140.20 1 5474
github.com/arkanus-app/rpg-dice-roller/go/systems_mixed.go:141.12,142.17 1 321
github.com/arkanus-app/rpg-dice-roller/go/systems_mixed.go:143.12,144.17 1 321
github.com/arkanus-app/rpg-dice-roller/go/systems_mixed.go:145.12,146.12 1 13
github.com/arkanus-app/rpg-dice-roller/go/systems_mixed.go:147.12,148.12 1 13
github.com/arkanus-app/rpg-dice-roller/go/systems_mixed.go:149.12,150.14 1 13
github.com/arkanus-app/rpg-dice-roller/go/systems_mixed.go:151.12,152.14 1 13
github.com/arkanus-app/rpg-dice-roller/go/systems_mixed.go:154.3,154.52 1 5474
github.com/arkanus-app/rpg-dice-roller/go/systems_mixed.go:154.52,156.4 1 3
github.com/arkanus-app/rpg-dice-roller/go/systems_mixed.go:157.3,157.75 1 5471
github.com/arkanus-app/rpg-dice-roller/go/systems_mixed.go:157.75,159.21 2 278
github.com/arkanus-app/rpg-dice-roller/go/systems_mixed.go:159.21,161.5 1 2
github.com/arkanus-app/rpg-dice-roller/go/systems_mixed.go:162.4,163.21 2 276
github.com/arkanus-app/rpg-dice-roller/go/systems_mixed.go:166.2,166.54 1 165
github.com/arkanus-app/rpg-dice-roller/go/systems_mixed.go:166.54,168.3 1 3
github.com/arkanus-app/rpg-dice-roller/go/systems_mixed.go:169.2,170.17 2 162
github.com/arkanus-app/rpg-dice-roller/go/systems_mixed.go:170.17,172.3 1 1
github.com/arkanus-app/rpg-dice-roller/go/systems_mixed.go:173.2,173.37 1 161
github.com/arkanus-app/rpg-dice-roller/go/systems_mixed.go:175.80,176.45 1 514
github.com/arkanus-app/rpg-dice-roller/go/systems_mixed.go:176.45,178.3 1 3
github.com/arkanus-app/rpg-dice-roller/go/systems_mixed.go:179.2,180.47 2 511
github.com/arkanus-app/rpg-dice-roller/go/systems_mixed.go:180.47,182.3 1 2
github.com/arkanus-app/rpg-dice-roller/go/systems_mixed.go:183.2,183.19 1 509
github.com/arkanus-app/rpg-dice-roller/go/systems_mixed.go:185.88,188.19 3 284
github.com/arkanus-app/rpg-dice-roller/go/systems_mixed.go:188.19,190.3 1 13
github.com/arkanus-app/rpg-dice-roller/go/systems_mixed.go:191.2,193.29 3 271
github.com/arkanus-app/rpg-dice-roller/go/systems_mixed.go:193.29,195.21 2 519
github.com/arkanus-app/rpg-dice-roller/go/systems_mixed.go:195.21,197.4 1 1
github.com/arkanus-app/rpg-dice-roller/go/systems_mixed.go:198.3,198.47 1 518
github.com/arkanus-app/rpg-dice-roller/go/systems_mixed.go:200.2,200.12 1 270
github.com/arkanus-app/rpg-dice-roller/go/systems_mixed.go:200.12,201.30 1 170
github.com/arkanus-app/rpg-dice-roller/go/systems_mixed.go:201.30,203.18 2 338
github.com/arkanus-app/rpg-dice-roller/go/systems_mixed.go:203.18,205.5 1 3
github.com/arkanus-app/rpg-dice-roller/go/systems_mixed.go:206.4,206.56 1 335
github.com/arkanus-app/rpg-dice-roller/go/systems_mixed.go:208.3,208.21 1 167
github.com/arkanus-app/rpg-dice-roller/go/systems_mixed.go:210.2,211.29 2 100
github.com/arkanus-app/rpg-dice-roller/go/systems_mixed.go:211.29,212.35 1 179
github.com/arkanus-app/rpg-dice-roller/go/systems_mixed.go:212.35,214.4 1 1
github.com/arkanus-app/rpg-dice-roller/go/systems_mixed.go:216.2,216.29 1 99
github.com/arkanus-app/rpg-dice-roller/go/systems_mixed.go:216.29,220.30 4 177
github.com/arkanus-app/rpg-dice-roller/go/systems_mixed.go:220.30,222.4 1 2
github.com/arkanus-app/rpg-dice-roller/go/systems_mixed.go:223.3,224.17 2 175
github.com/arkanus-app/rpg-dice-roller/go/systems_mixed.go:224.17,226.4 1 1
github.com/arkanus-app/rpg-dice-roller/go/systems_mixed.go:227.3,228.44 2 174
github.com/arkanus-app/rpg-dice-roller/go/systems_mixed.go:231.2,231.53 1 96
github.com/arkanus-app/rpg-dice-roller/go/systems_mixed.go:231.53,237.3 5 79
github.com/arkanus-app/rpg-dice-roller/go/systems_mixed.go:238.2,238.20 1 96
github.com/arkanus-app/rpg-dice-roller/go/systems_mixed.go:247.43,247.60 1 394
github.com/arkanus-app/rpg-dice-roller/go/systems_mixed.go:248.114,252.14 4 276
github.com/arkanus-app/rpg-dice-roller/go/systems_mixed.go:253.20,255.89 2 44
github.com/arkanus-app/rpg-dice-roller/go/systems_mixed.go:256.14,258.64 2 118
github.com/arkanus-app/rpg-dice-roller/go/systems_mixed.go:259.21,261.81 2 60
github.com/arkanus-app/rpg-dice-roller/go/systems_mixed.go:262.22,264.86 2 54
github.com/arkanus-app/rpg-dice-roller/go/systems_mixed.go:266.2,266.23 1 276
github.com/arkanus-app/rpg-dice-roller/go/systems_mixed.go:266.23,267.71 1 180
github.com/arkanus-app/rpg-dice-roller/go/systems_mixed.go:267.71,269.4 1 6
github.com/arkanus-app/rpg-dice-roller/go/systems_mixed.go:270.8,272.32 2 96
github.com/arkanus-app/rpg-dice-roller/go/systems_mixed.go:272.32,273.40 1 233
github.com/arkanus-app/rpg-dice-roller/go/systems_mixed.go:273.40,275.5 1 450
github.com/arkanus-app/rpg-dice-roller/go/systems_mixed.go:277.3,277.35 1 96
github.com/arkanus-app/rpg-dice-roller/go/systems_mixed.go:277.35,278.22 1 169
github.com/arkanus-app/rpg-dice-roller/go/systems_mixed.go:278.22,280.5 1 3
github.com/arkanus-app/rpg-dice-roller/go/systems_mixed.go:283.2,283.35 1 267
github.com/arkanus-app/rpg-dice-roller/go/systems_mixed.go:283.35,285.24 2 564
github.com/arkanus-app/rpg-dice-roller/go/systems_mixed.go:285.24,286.36 1 336
github.com/arkanus-app/rpg-dice-roller/go/systems_mixed.go:286.36,288.5 1 320
github.com/arkanus-app/rpg-dice-roller/go/systems_mixed.go:289.9,291.40 2 228
github.com/arkanus-app/rpg-dice-roller/go/systems_mixed.go:291.40,292.47 1 434
github.com/arkanus-app/rpg-dice-roller/go/systems_mixed.go:292.47,293.15 1 166
github.com/arkanus-app/rpg-dice-roller/go/systems_mixed.go:293.15,295.7 1 5
github.com/arkanus-app/rpg-dice-roller/go/systems_mixed.go:296.6,297.24 2 161
github.com/arkanus-app/rpg-dice-roller/go/systems_mixed.go:301.3,301.19 1 559
github.com/arkanus-app/rpg-dice-roller/go/systems_mixed.go:301.19,303.4 1 553
github.com/arkanus-app/rpg-dice-roller/go/systems_mixed.go:305.2,305.40 1 262
github.com/arkanus-app/rpg-dice-roller/go/systems_mixed.go:305.40,305.99 2 851
github.com/arkanus-app/rpg-dice-roller/go/systems_mixed.go:306.2,306.36 1 262
github.com/arkanus-app/rpg-dice-roller/go/systems_mixed.go:306.36,306.75 1 546
github.com/arkanus-app/rpg-dice-roller/go/systems_mixed.go:307.2,308.45 2 262
github.com/arkanus-app/rpg-dice-roller/go/systems_mixed.go:308.45,310.3 1 94
github.com/arkanus-app/rpg-dice-roller/go/systems_mixed.go:311.2,311.14 1 262
github.com/arkanus-app/rpg-dice-roller/go/systems_mixed.go:312.20,315.29 3 41
github.com/arkanus-app/rpg-dice-roller/go/systems_mixed.go:315.29,317.4 1 2
github.com/arkanus-app/rpg-dice-roller/go/systems_mixed.go:318.3,319.39 2 39
github.com/arkanus-app/rpg-dice-roller/go/systems_mixed.go:320.14,322.39 2 113
github.com/arkanus-app/rpg-dice-roller/go/systems_mixed.go:323.21,325.25 2 57
github.com/arkanus-app/rpg-dice-roller/go/systems_mixed.go:326.22,328.71 2 51
github.com/arkanus-app/rpg-dice-roller/go/systems_mixed.go:330.2,330.20 1 260
github.com/arkanus-app/rpg-dice-roller/go/systems_mixed.go:332.64,334.45 2 916
github.com/arkanus-app/rpg-dice-roller/go/systems_mixed.go:334.45,336.3 1 12824
github.com/arkanus-app/rpg-dice-roller/go/systems_mixed.go:337.2,337.15 1 916
github.com/arkanus-app/rpg-dice-roller/go/systems_mixed.go:339.132,340.76 1 435
github.com/arkanus-app/rpg-dice-roller/go/systems_mixed.go:340.76,341.70 1 320
github.com/arkanus-app/rpg-dice-roller/go/systems_mixed.go:341.70,343.18 2 283
github.com/arkanus-app/rpg-dice-roller/go/systems_mixed.go:343.18,345.5 1 8
github.com/arkanus-app/rpg-dice-roller/go/systems_mixed.go:346.4,346.58 1 275
github.com/arkanus-app/rpg-dice-roller/go/systems_mixed.go:349.2,350.16 2 152
github.com/arkanus-app/rpg-dice-roller/go/systems_mixed.go:350.16,352.3 1 1
github.com/arkanus-app/rpg-dice-roller/go/systems_mixed.go:353.2,353.178 1 151
github.com/arkanus-app/rpg-dice-roller/go/systems_mixed.go:355.96,357.30 2 137
github.com/arkanus-app/rpg-dice-roller/go/systems_mixed.go:357.30,360.3 2 411
github.com/arkanus-app/rpg-dice-roller/go/systems_mixed.go:361.2,361.38 1 137
github.com/arkanus-app/rpg-dice-roller/go/systems_mixed.go:361.38,363.3 1 1
github.com/arkanus-app/rpg-dice-roller/go/systems_mixed.go:364.2,364.87 1 136
github.com/arkanus-app/rpg-dice-roller/go/systems_mixed.go:364.87,366.3 1 2
github.com/arkanus-app/rpg-dice-roller/go/systems_mixed.go:367.2,367.12 1 134
github.com/arkanus-app/rpg-dice-roller/go/systems_mixed.go:374.53,376.2 1 764
github.com/arkanus-app/rpg-dice-roller/go/systems_mixed.go:377.63,379.2 1 375
github.com/arkanus-app/rpg-dice-roller/go/systems_mixed.go:380.93,382.52 2 384
github.com/arkanus-app/rpg-dice-roller/go/systems_mixed.go:382.52,384.37 2 3029
github.com/arkanus-app/rpg-dice-roller/go/systems_mixed.go:384.37,386.4 1 13
github.com/arkanus-app/rpg-dice-roller/go/systems_mixed.go:388.2,388.12 1 371
github.com/arkanus-app/rpg-dice-roller/go/systems_mixed.go:390.107,392.52 2 380
github.com/arkanus-app/rpg-dice-roller/go/systems_mixed.go:392.52,395.3 2 3040
github.com/arkanus-app/rpg-dice-roller/go/systems_mixed.go:396.2,397.18 2 380
github.com/arkanus-app/rpg-dice-roller/go/systems_mixed.go:399.39,403.2 3 722
github.com/arkanus-app/rpg-dice-roller/go/systems_mixed.go:404.60,408.2 3 361
github.com/arkanus-app/rpg-dice-roller/go/systems_mixed.go:410.115,411.57 1 28
github.com/arkanus-app/rpg-dice-roller/go/systems_mixed.go:411.57,412.19 1 3
github.com/arkanus-app/rpg-dice-roller/go/systems_mixed.go:412.19,414.4 1 1
github.com/arkanus-app/rpg-dice-roller/go/systems_mixed.go:415.3,415.17 1 2
github.com/arkanus-app/rpg-dice-roller/go/systems_mixed.go:417.2,417.56 1 27
github.com/arkanus-app/rpg-dice-roller/go/systems_mixed.go:417.56,419.37 2 5
github.com/arkanus-app/rpg-dice-roller/go/systems_mixed.go:419.37,421.4 1 14
github.com/arkanus-app/rpg-dice-roller/go/systems_mixed.go:422.3,422.129 1 5
github.com/arkanus-app/rpg-dice-roller/go/systems_mixed.go:424.2,425.26 2 27
github.com/arkanus-app/rpg-dice-roller/go/systems_mixed.go:425.26,427.3 1 3
github.com/arkanus-app/rpg-dice-roller/go/systems_mixed.go:428.2,430.158 3 24
github.com/arkanus-app/rpg-dice-roller/go/systems_mixed.go:430.158,432.3 1 8
github.com/arkanus-app/rpg-dice-roller/go/systems_mixed.go:433.2,434.36 2 16
github.com/arkanus-app/rpg-dice-roller/go/systems_mixed.go:434.36,436.27 2 28
github.com/arkanus-app/rpg-dice-roller/go/systems_mixed.go:436.27,438.4 1 3
github.com/arkanus-app/rpg-dice-roller/go/systems_mixed.go:439.3,440.101 2 25
github.com/arkanus-app/rpg-dice-roller/go/systems_mixed.go:440.101,442.4 1 4
github.com/arkanus-app/rpg-dice-roller/go/systems_mixed.go:443.3,444.17 2 21
github.com/arkanus-app/rpg-dice-roller/go/systems_mixed.go:444.17,446.4 1 1
github.com/arkanus-app/rpg-dice-roller/go/systems_mixed.go:447.3,447.102 1 20
github.com/arkanus-app/rpg-dice-roller/go/systems_mixed.go:449.2,449.20 1 8
github.com/arkanus-app/rpg-dice-roller/go/systems_mixed.go:453.167,455.25 2 379
github.com/arkanus-app/rpg-dice-roller/go/systems_mixed.go:455.25,457.3 1 33
github.com/arkanus-app/rpg-dice-roller/go/systems_mixed.go:458.2,458.19 1 379
github.com/arkanus-app/rpg-dice-roller/go/systems_mixed.go:458.19,460.3 1 18
github.com/arkanus-app/rpg-dice-roller/go/systems_mixed.go:460.8,461.18 1 361
github.com/arkanus-app/rpg-dice-roller/go/systems_mixed.go:461.18,463.4 1 361
github.com/arkanus-app/rpg-dice-roller/go/systems_mixed.go:464.3,464.51 1 361
github.com/arkanus-app/rpg-dice-roller/go/systems_mixed.go:466.2,466.15 1 379
github.com/arkanus-app/rpg-dice-roller/go/systems_mixed.go:468.55,468.76 1 98
github.com/arkanus-app/rpg-dice-roller/go/systems_mixed.go:469.55,469.76 1 50
github.com/arkanus-app/rpg-dice-roller/go/systems_mixed.go:470.55,470.76 1 56
github.com/arkanus-app/rpg-dice-roller/go/systems_mixed.go:471.55,471.76 1 38
github.com/arkanus-app/rpg-dice-roller/go/systems_mixed.go:472.77,474.28 2 375
github.com/arkanus-app/rpg-dice-roller/go/systems_mixed.go:474.28,476.3 1 242
github.com/arkanus-app/rpg-dice-roller/go/systems_mixed.go:477.2,477.44 1 375
github.com/arkanus-app/rpg-dice-roller/go/systems_mixed.go:477.44,479.3 1 260
github.com/arkanus-app/rpg-dice-roller/go/systems_mixed.go:480.2,481.38 2 115
github.com/arkanus-app/rpg-dice-roller/go/systems_mixed.go:483.128,486.21 3 379
github.com/arkanus-app/rpg-dice-roller/go/systems_mixed.go:487.17,488.67 1 134
github.com/arkanus-app/rpg-dice-roller/go/systems_mixed.go:489.14,490.75 1 99
github.com/arkanus-app/rpg-dice-roller/go/systems_mixed.go:491.22,492.79 1 50
github.com/arkanus-app/rpg-dice-roller/go/systems_mixed.go:493.21,494.78 1 57
github.com/arkanus-app/rpg-dice-roller/go/systems_mixed.go:495.20,496.76 1 39
github.com/arkanus-app/rpg-dice-roller/go/systems_mixed.go:498.2,498.18 1 379
github.com/arkanus-app/rpg-dice-roller/go/systems_mixed.go:500.52,502.29 2 109
github.com/arkanus-app/rpg-dice-roller/go/systems_mixed.go:502.29,503.29 1 362
github.com/arkanus-app/rpg-dice-roller/go/systems_mixed.go:503.29,506.36 3 121
github.com/arkanus-app/rpg-dice-roller/go/systems_mixed.go:506.36,508.5 1 135
github.com/arkanus-app/rpg-dice-roller/go/systems_mixed.go:509.4,509.40 1 121
github.com/arkanus-app/rpg-dice-roller/go/systems_mixed.go:509.40,510.31 1 557
github.com/arkanus-app/rpg-dice-roller/go/systems_mixed.go:510.31,511.14 1 253
github.com/arkanus-app/rpg-dice-roller/go/systems_mixed.go:513.5,513.29 1 304
github.com/arkanus-app/rpg-dice-roller/go/systems_mixed.go:513.29,515.6 1 135
github.com/arkanus-app/rpg-dice-roller/go/systems_mixed.go:515.11,515.38 1 169
github.com/arkanus-app/rpg-dice-roller/go/systems_mixed.go:515.38,517.6 1 12
github.com/arkanus-app/rpg-dice-roller/go/systems_mixed.go:519.4,519.36 1 121
github.com/arkanus-app/rpg-dice-roller/go/systems_mixed.go:519.36,524.31 5 135
github.com/arkanus-app/rpg-dice-roller/go/systems_mixed.go:524.31,527.6 2 12
github.com/arkanus-app/rpg-dice-roller/go/systems_mixed.go:528.5,528.103 1 135
github.com/arkanus-app/rpg-dice-roller/go/systems_mixed.go:530.4,530.12 1 121
github.com/arkanus-app/rpg-dice-roller/go/systems_mixed.go:532.3,532.57 1 241
github.com/arkanus-app/rpg-dice-roller/go/systems_mixed.go:532.57,536.4 3 641
github.com/arkanus-app/rpg-dice-roller/go/systems_mixed.go:537.3,537.39 1 241
github.com/arkanus-app/rpg-dice-roller/go/systems_mixed.go:538.24,539.36 1 97
github.com/arkanus-app/rpg-dice-roller/go/systems_mixed.go:539.36,542.5 2 231
github.com/arkanus-app/rpg-dice-roller/go/systems_mixed.go:543.32,544.36 1 50
github.com/arkanus-app/rpg-dice-roller/go/systems_mixed.go:544.36,546.5 1 116
github.com/arkanus-app/rpg-dice-roller/go/systems_mixed.go:547.31,548.36 1 56
github.com/arkanus-app/rpg-dice-roller/go/systems_mixed.go:548.36,550.5 1 112
github.com/arkanus-app/rpg-dice-roller/go/systems_mixed.go:551.29,552.36 1 38
github.com/arkanus-app/rpg-dice-roller/go/systems_mixed.go:552.36,554.5 1 182
github.com/arkanus-app/rpg-dice-roller/go/systems_mixed.go:557.2,557.13 1 109
github.com/arkanus-app/rpg-dice-roller/go/systems_mixed.go:559.49,560.38 1 375
github.com/arkanus-app/rpg-dice-roller/go/systems_mixed.go:561.23,562.23 1 133
github.com/arkanus-app/rpg-dice-roller/go/systems_mixed.go:563.23,565.35 2 98
github.com/arkanus-app/rpg-dice-roller/go/systems_mixed.go:565.35,567.25 2 232
github.com/arkanus-app/rpg-dice-roller/go/systems_mixed.go:567.25,569.5 1 86
github.com/arkanus-app/rpg-dice-roller/go/systems_mixed.go:569.10,569.32 1 146
github.com/arkanus-app/rpg-dice-roller/go/systems_mixed.go:569.32,571.5 1 89
github.com/arkanus-app/rpg-dice-roller/go/systems_mixed.go:572.4,572.31 1 232
github.com/arkanus-app/rpg-dice-roller/go/systems_mixed.go:574.3,575.23 2 98
github.com/arkanus-app/rpg-dice-roller/go/systems_mixed.go:575.23,577.4 1 34
github.com/arkanus-app/rpg-dice-roller/go/systems_mixed.go:578.3,578.75 1 98
github.com/arkanus-app/rpg-dice-roller/go/systems_mixed.go:579.31,581.35 2 50
github.com/arkanus-app/rpg-dice-roller/go/systems_mixed.go:581.35,583.29 2 116
github.com/arkanus-app/rpg-dice-roller/go/systems_mixed.go:583.29,585.5 1 26
github.com/arkanus-app/rpg-dice-roller/go/systems_mixed.go:586.4,586.31 1 116
github.com/arkanus-app/rpg-dice-roller/go/systems_mixed.go:588.3,588.99 1 50
github.com/arkanus-app/rpg-dice-roller/go/systems_mixed.go:589.30,590.192 1 56
github.com/arkanus-app/rpg-dice-roller/go/systems_mixed.go:591.10,594.29 3 38
github.com/arkanus-app/rpg-dice-roller/go/systems_mixed.go:594.29,596.4 1 8
github.com/arkanus-app/rpg-dice-roller/go/systems_mixed.go:597.3,598.35 2 38
github.com/arkanus-app/rpg-dice-roller/go/systems_mixed.go:598.35,600.4 1 38
github.com/arkanus-app/rpg-dice-roller/go/systems_mixed.go:601.3,601.16 1 38
github.com/arkanus-app/rpg-dice-roller/go/systems_mixed.go:604.86,606.2 1 177
github.com/arkanus-app/rpg-dice-roller/go/systems_mixed.go:607.125,609.41 2 178
github.com/arkanus-app/rpg-dice-roller/go/systems_mixed.go:609.41,611.3 1 6
github.com/arkanus-app/rpg-dice-roller/go/systems_mixed.go:612.2,614.16 3 172
github.com/arkanus-app/rpg-dice-roller/go/systems_mixed.go:614.16,616.3 1 1
github.com/arkanus-app/rpg-dice-roller/go/systems_mixed.go:617.2,618.36 2 171
github.com/arkanus-app/rpg-dice-roller/go/systems_mixed.go:618.36,620.3 1 1
github.com/arkanus-app/rpg-dice-roller/go/systems_mixed.go:621.2,622.16 2 170
github.com/arkanus-app/rpg-dice-roller/go/systems_mixed.go:622.16,624.3 1 9
github.com/arkanus-app/rpg-dice-roller/go/systems_mixed.go:625.2,627.39 3 161
github.com/arkanus-app/rpg-dice-roller/go/systems_mixed.go:627.39,629.17 2 435
github.com/arkanus-app/rpg-dice-roller/go/systems_mixed.go:629.17,631.4 1 24
github.com/arkanus-app/rpg-dice-roller/go/systems_mixed.go:632.3,633.47 2 411
github.com/arkanus-app/rpg-dice-roller/go/systems_mixed.go:635.2,635.71 1 137
github.com/arkanus-app/rpg-dice-roller/go/systems_mixed.go:635.71,637.3 1 3
github.com/arkanus-app/rpg-dice-roller/go/systems_mixed.go:638.2,641.27 4 134
github.com/arkanus-app/rpg-dice-roller/go/systems_mixed.go:641.27,643.17 2 20
github.com/arkanus-app/rpg-dice-roller/go/systems_mixed.go:643.17,645.4 1 13
github.com/arkanus-app/rpg-dice-roller/go/systems_mixed.go:646.3,646.22 1 7
github.com/arkanus-app/rpg-dice-roller/go/systems_mixed.go:647.8,647.32 1 114
github.com/arkanus-app/rpg-dice-roller/go/systems_mixed.go:647.32,649.17 2 114
github.com/arkanus-app/rpg-dice-roller/go/systems_mixed.go:649.17,651.4 1 1
github.com/arkanus-app/rpg-dice-roller/go/systems_mixed.go:652.3,652.15 1 113
github.com/arkanus-app/rpg-dice-roller/go/systems_mixed.go:654.2,657.34 4 120
github.com/arkanus-app/rpg-dice-roller/go/systems_mixed.go:657.34,660.17 3 379
github.com/arkanus-app/rpg-dice-roller/go/systems_mixed.go:660.17,662.4 1 4
github.com/arkanus-app/rpg-dice-roller/go/systems_mixed.go:663.3,669.79 7 375
github.com/arkanus-app/rpg-dice-roller/go/systems_mixed.go:669.79,671.4 1 5
github.com/arkanus-app/rpg-dice-roller/go/systems_mixed.go:672.3,672.44 1 370
github.com/arkanus-app/rpg-dice-roller/go/systems_mixed.go:672.44,674.4 1 1
github.com/arkanus-app/rpg-dice-roller/go/systems_mixed.go:675.3,675.112 1 369
github.com/arkanus-app/rpg-dice-roller/go/systems_mixed.go:677.2,679.43 3 110
github.com/arkanus-app/rpg-dice-roller/go/systems_mixed.go:679.43,681.3 1 1
github.com/arkanus-app/rpg-dice-roller/go/systems_mixed.go:682.2,683.20 2 109
